Order id,Event,Event date,Event time,First name,Last name,Email,Mobile,Order date,Type,Financial status,Valid tickets,Cancelled tickets,Ticket sales,Add-on sales,Donations,Fee rebate,Humanitix passed-on fee,Amex surcharge,Refund protection,Custom tax,Paid,Humanitix absorbed fees,Zip fee,Afterpay fee,Refunds,Your earnings,Your payout,Refunded fees,Giftcard used,Voucher used,Discount code used,Discount redeemed,Tax on sales,Tax on rebates,Tax on booking fees,Gateway,Marketing opt-in,Notes,Status,Sales channel,Tickets delivered,Long order id
SHA1000,Shaandaar Diwali Cruise,26/10/2024,7:00 pm,Michael,Cox,michael.cox92@example.com,1535964726,12/08/2026 05:01 pm,Online,Paid,2,0,$90.00,$0.00,$0.00,$0.00,$3.60,$0.00,$0.00,$0.00,$93.60,$0.00,$0.00,$0.00,$0.00,$90.00,$90.00,$0.00,,,,$0.00,$0.00,$0.00,$0.00,Stripe,No,,Completed,Online,2,ad07020c-46e8-41dc-a990-6f0e441dfdd6
SHA1001,Shaandaar Diwali Cruise,26/10/2024,7:00 pm,Edward,Jenkins,edward.jenkins68@example.com,7283101850,24/07/2026 10:42 am,Online,Paid,2,0,$90.00,$0.00,$0.00,$0.00,$3.60,$0.00,$0.00,$0.00,$93.60,$0.00,$0.00,$0.00,$0.00,$90.00,$90.00,$0.00,,,,$0.00,$0.00,$0.00,$0.00,Stripe,No,,Completed,Online,2,50eb67db-7aed-472c-8a33-132fef43e918
SHA1002,Shaandaar Diwali Cruise,26/10/2024,7:00 pm,Xavier,Jimenez,xavier.jimenez90@example.com,5058105801,26/07/2026 03:08 am,Online,Paid,1,0,$45.00,$0.00,$0.00,$0.00,$1.80,$0.00,$0.00,$0.00,$46.80,$0.00,$0.00,$0.00,$0.00,$45.00,$45.00,$0.00,,,,$0.00,$0.00,$0.00,$0.00,Stripe,No,,Completed,Online,1,6ba3bc80-d2dd-438a-ae30-d8dee3c03b6f
SHA1003,Shaandaar Diwali Cruise,26/10/2024,7:00 pm,Emily,Adams,emily.adams66@example.com,4476193788,29/07/2026 09:09 am,Online,Paid,1,0,$45.00,$0.00,$0.00,$0.00,$1.80,$0.00,$0.00,$0.00,$46.80,$0.00,$0.00,$0.00,$0.00,$45.00,$45.00,$0.00,,,,$0.00,$0.00,$0.00,$0.00,Stripe,No,,Completed,Online,1,a24dd10f-c92a-4444-a254-313ad47fde4e
SHA1004,Shaandaar Diwali Cruise,26/10/2024,7:00 pm,Kelsey,Johnson,kelsey.johnson4@example.com,3334774963,21/07/2026 10:33 pm,Manual,Paid,1,0,$45.00,$0.00,$0.00,$0.00,$1.80,$0.00,$0.00,$0.00,$46.80,$0.00,$0.00,$0.00,$0.00,$45.00,$45.00,$0.00,,,,$0.00,$0.00,$0.00,$0.00,Stripe,No,,Completed,Manual,1,27fdd5ff-25dc-444b-9c51-8bb0e4e7f9e7
SHA1005,Shaandaar Diwali Cruise,26/10/2024,7:00 pm,Kevin,Cabrera,kevin.cabrera99@example.com,2819150237,10/08/2026 08:15 am,Online,Paid,1,0,$45.00,$0.00,$0.00,$0.00,$1.80,$0.00,$0.00,$0.00,$46.80,$0.00,$0.00,$0.00,$0.00,$45.00,$45.00,$0.00,,,,$0.00,$0.00,$0.00,$0.00,Stripe,Yes,,Completed,Online,1,3eb00c34-7fad-44c8-a389-84afe2d560e8
SHA1006,Shaandaar Diwali Cruise,26/10/2024,7:00 pm,Kristen,Stevens,kristen.stevens42@example.com,0521940504,21/07/2026 03:39 pm,Online,Paid,2,0,$90.00,$0.00,$0.00,$0.00,$3.60,$0.00,$0.00,$0.00,$93.60,$0.00,$0.00,$0.00,$0.00,$90.00,$90.00,$0.00,,,,$0.00,$0.00,$0.00,$0.00,Stripe,No,,Completed,Online,2,dd42a08d-7a6b-4010-9fd3-05b006c38094
SHA1007,Shaandaar Diwali Cruise,26/10/2024,7:00 pm,Laura,Henderson,laura.henderson14@example.com,2914597736,14/08/2026 08:46 pm,Online,Paid,1,0,$45.00,$0.00,$0.00,$0.00,$1.80,$0.00,$0.00,$0.00,$46.80,$0.00,$0.00,$0.00,$0.00,$45.00,$45.00,$0.00,,,,$0.00,$0.00,$0.00,$0.00,Stripe,No,,Completed,Online,1,ef90d5ce-bdd1-4430-8046-6dfe885aa655
SHA1008,Shaandaar Diwali Cruise,26/10/2024,7:00 pm,Judy,Lambert,judy.lambert65@example.com,9817473665,22/07/2026 06:36 pm,Online,Paid,4,0,$180.00,$0.00,$0.00,$0.00,$7.20,$0.00,$0.00,$0.00,$187.20,$0.00,$0.00,$0.00,$0.00,$180.00,$180.00,$0.00,,,,$0.00,$0.00,$0.00,$0.00,Stripe,No,,Completed,Online,4,599e7faa-86f3-42db-875a-2a6ba5426194
SHA1009,Shaandaar Diwali Cruise,26/10/2024,7:00 pm,Andrea,Martinez,andrea.martinez97@example.com,8955713198,30/07/2026 08:15 pm,Online,Paid,2,0,$90.00,$0.00,$0.00,$0.00,$3.60,$0.00,$0.00,$0.00,$93.60,$0.00,$0.00,$0.00,$0.00,$90.00,$90.00,$0.00,,,,$0.00,$0.00,$0.00,$0.00,Stripe,Yes,,Completed,Online,2,99d657ab-b907-4748-8aea-d7c0f545c4ad
SHA1010,Shaandaar Diwali Cruise,26/10/2024,7:00 pm,Ashley,Jacobs,ashley.jacobs78@example.com,6395257477,15/08/2026 06:49 pm,Online,Paid,2,0,$90.00,$0.00,$0.00,$0.00,$3.60,$0.00,$0.00,$0.00,$93.60,$0.00,$0.00,$0.00,$0.00,$90.00,$90.00,$0.00,,,,$0.00,$0.00,$0.00,$0.00,Stripe,No,,Completed,Online,2,1450dd17-2866-4c3c-a3e4-cdd2704751a9
SHA1011,Shaandaar Diwali Cruise,26/10/2024,7:00 pm,Julie,Thornton,julie.thornton28@example.com,8775619189,15/07/2026 10:21 pm,Online,Paid,1,0,$45.00,$0.00,$0.00,$0.00,$1.80,$0.00,$0.00,$0.00,$46.80,$0.00,$0.00,$0.00,$0.00,$45.00,$45.00,$0.00,,,,$0.00,$0.00,$0.00,$0.00,Stripe,Yes,,Completed,Online,1,ded75190-97b6-4ddf-be26-96fd5f916dda
SHA1012,Shaandaar Diwali Cruise,26/10/2024,7:00 pm,Christina,Robinson,christina.robinson52@example.com,2290005905,05/08/2026 11:49 am,Online,Paid,1,0,$45.00,$0.00,$0.00,$0.00,$1.80,$0.00,$0.00,$0.00,$46.80,$0.00,$0.00,$0.00,$0.00,$45.00,$45.00,$0.00,,,,$0.00,$0.00,$0.00,$0.00,Stripe,Yes,,Completed,Online,1,527420a1-6139-46e9-bae8-cc86702a9bd3
SHA1013,Shaandaar Diwali Cruise,26/10/2024,7:00 pm,Stephanie,Key,stephanie.key8@example.com,0591934424,31/07/2026 09:06 pm,Online,Paid,4,0,$180.00,$0.00,$0.00,$0.00,$7.20,$0.00,$0.00,$0.00,$187.20,$0.00,$0.00,$0.00,$0.00,$180.00,$180.00,$0.00,,,,$0.00,$0.00,$0.00,$0.00,Stripe,No,,Completed,Online,4,303ddadd-227d-4c8f-bb0d-8db61a67f58d
SHA1014,Shaandaar Diwali Cruise,26/10/2024,7:00 pm,John,Davidson,john.davidson18@example.com,0653353597,03/08/2026 04:50 am,Manual,Paid,3,0,$135.00,$0.00,$0.00,$0.00,$5.40,$0.00,$0.00,$0.00,$140.40,$0.00,$0.00,$0.00,$0.00,$135.00,$135.00,$0.00,,,,$0.00,$0.00,$0.00,$0.00,Stripe,No,,Completed,Manual,3,ff5e45ed-655d-4295-9200-9a780527a9cf
SHA1015,Shaandaar Diwali Cruise,26/10/2024,7:00 pm,Meghan,Davis,meghan.davis66@example.com,1960878757,11/08/2026 12:29 am,Online,Paid,1,0,$45.00,$0.00,$0.00,$0.00,$1.80,$0.00,$0.00,$0.00,$46.80,$0.00,$0.00,$0.00,$0.00,$45.00,$45.00,$0.00,,,,$0.00,$0.00,$0.00,$0.00,Stripe,No,,Completed,Online,1,79e13623-c969-4227-b399-6db3c73c8a02
SHA1016,Shaandaar Diwali Cruise,26/10/2024,7:00 pm,Brian,Ford,brian.ford35@example.com,6309773983,17/08/2026 07:03 pm,Online,Paid,3,0,$135.00,$0.00,$0.00,$0.00,$5.40,$0.00,$0.00,$0.00,$140.40,$0.00,$0.00,$0.00,$0.00,$135.00,$135.00,$0.00,,,,$0.00,$0.00,$0.00,$0.00,Stripe,Yes,,Completed,Online,3,a847df03-7fe0-4fe9-91b8-55d106f83c8e
SHA1017,Shaandaar Diwali Cruise,26/10/2024,7:00 pm,Andrew,Willis,andrew.willis10@example.com,8550044507,01/08/2026 02:45 pm,Online,Paid,2,0,$90.00,$0.00,$0.00,$0.00,$3.60,$0.00,$0.00,$0.00,$93.60,$0.00,$0.00,$0.00,$0.00,$90.00,$90.00,$0.00,,,,$0.00,$0.00,$0.00,$0.00,Stripe,No,,Completed,Online,2,e50c12f4-9c1b-4dd7-b1f5-a5a12836443b
SHA1018,Shaandaar Diwali Cruise,26/10/2024,7:00 pm,James,Anderson,james.anderson44@example.com,1079322652,17/08/2026 08:33 am,Online,Paid,1,0,$45.00,$0.00,$0.00,$0.00,$1.80,$0.00,$0.00,$0.00,$46.80,$0.00,$0.00,$0.00,$0.00,$45.00,$45.00,$0.00,,,,$0.00,$0.00,$0.00,$0.00,Stripe,Yes,,Completed,Online,1,3cd3788c-62c4-43ed-8a26-71b5587b521c
SHA1019,Shaandaar Diwali Cruise,26/10/2024,7:00 pm,Larry,Higgins,larry.higgins26@example.com,1567117753,11/07/2026 12:30 am,Online,Paid,3,0,$135.00,$0.00,$0.00,$0.00,$5.40,$0.00,$0.00,$0.00,$140.40,$0.00,$0.00,$0.00,$0.00,$135.00,$135.00,$0.00,,,,$0.00,$0.00,$0.00,$0.00,Stripe,No,,Completed,Online,3,a333cf2d-cd32-4a98-8728-70142a22997b
SHA1020,Shaandaar Diwali Cruise,26/10/2024,7:00 pm,Gary,Norton,gary.norton39@example.com,9870884075,22/07/2026 05:20 pm,Online,Paid,2,0,$90.00,$0.00,$0.00,$0.00,$3.60,$0.00,$0.00,$0.00,$93.60,$0.00,$0.00,$0.00,$0.00,$90.00,$90.00,$0.00,,,,$0.00,$0.00,$0.00,$0.00,Stripe,Yes,,Completed,Online,2,321fba0a-5d54-47ba-8091-7af9ce712428
SHA1021,Shaandaar Diwali Cruise,26/10/2024,7:00 pm,Jacqueline,Farrell,jacqueline.farrell66@example.com,9726839507,08/08/2026 08:00 am,Online,Paid,2,0,$90.00,$0.00,$0.00,$0.00,$3.60,$0.00,$0.00,$0.00,$93.60,$0.00,$0.00,$0.00,$0.00,$90.00,$90.00,$0.00,,,,$0.00,$0.00,$0.00,$0.00,Stripe,No,,Completed,Online,2,0ba2148e-da20-4e06-b09c-19fbcc293cfa
SHA1022,Shaandaar Diwali Cruise,26/10/2024,7:00 pm,Erin,Cisneros,erin.cisneros54@example.com,7212815683,26/07/2026 08:23 am,Online,Paid,1,0,$45.00,$0.00,$0.00,$0.00,$1.80,$0.00,$0.00,$0.00,$46.80,$0.00,$0.00,$0.00,$0.00,$45.00,$45.00,$0.00,,,,$0.00,$0.00,$0.00,$0.00,Stripe,No,,Completed,Online,1,7bc6fe01-2ee3-480c-ae65-5c70d3f422c8
SHA1023,Shaandaar Diwali Cruise,26/10/2024,7:00 pm,Monique,Wallace,monique.wallace85@example.com,3798214924,13/08/2026 03:30 am,Online,Paid,1,0,$45.00,$0.00,$0.00,$0.00,$1.80,$0.00,$0.00,$0.00,$46.80,$0.00,$0.00,$0.00,$0.00,$45.00,$45.00,$0.00,,,,$0.00,$0.00,$0.00,$0.00,Stripe,No,,Completed,Online,1,00a54e3e-3dc8-4de4-babc-c6721a7a0ecc
SHA1024,Shaandaar Diwali Cruise,26/10/2024,7:00 pm,Gregory,Watkins,gregory.watkins17@example.com,3908583068,13/08/2026 08:52 am,Online,Paid,1,0,$45.00,$0.00,$0.00,$0.00,$1.80,$0.00,$0.00,$0.00,$46.80,$0.00,$0.00,$0.00,$0.00,$45.00,$45.00,$0.00,,,,$0.00,$0.00,$0.00,$0.00,Stripe,Yes,,Completed,Online,1,c742d87e-6cd0-41a7-9c40-1520fa4fa0ff
SHA1025,Shaandaar Diwali Cruise,26/10/2024,7:00 pm,Audrey,Nichols,audrey.nichols64@example.com,6723866560,15/08/2026 07:28 pm,Online,Paid,1,0,$45.00,$0.00,$0.00,$0.00,$1.80,$0.00,$0.00,$0.00,$46.80,$0.00,$0.00,$0.00,$0.00,$45.00,$45.00,$0.00,,,,$0.00,$0.00,$0.00,$0.00,Stripe,Yes,,Completed,Online,1,5992c94c-ef1c-4d65-bee5-08665f13a3f0
SHA1026,Shaandaar Diwali Cruise,26/10/2024,7:00 pm,Amber,Blair,amber.blair99@example.com,3541057725,01/08/2026 09:49 am,Online,Paid,2,0,$90.00,$0.00,$0.00,$0.00,$3.60,$0.00,$0.00,$0.00,$93.60,$0.00,$0.00,$0.00,$0.00,$90.00,$90.00,$0.00,,,,$0.00,$0.00,$0.00,$0.00,Stripe,Yes,,Completed,Online,2,d338782e-b03d-4b38-9405-8a012dc829e0
SHA1027,Shaandaar Diwali Cruise,26/10/2024,7:00 pm,Raymond,Banks,raymond.banks35@example.com,0855872357,10/08/2026 05:29 pm,Online,Paid,2,0,$90.00,$0.00,$0.00,$0.00,$3.60,$0.00,$0.00,$0.00,$93.60,$0.00,$0.00,$0.00,$0.00,$90.00,$90.00,$0.00,,,,$0.00,$0.00,$0.00,$0.00,Stripe,No,,Completed,Online,2,26237a14-a118-4b8b-b8fe-562dc8c0765b
SHA1028,Shaandaar Diwali Cruise,26/10/2024,7:00 pm,Tonya,Byrd,tonya.byrd43@example.com,2410415074,12/07/2026 05:18 am,Online,Paid,2,0,$90.00,$0.00,$0.00,$0.00,$3.60,$0.00,$0.00,$0.00,$93.60,$0.00,$0.00,$0.00,$0.00,$90.00,$90.00,$0.00,,,,$0.00,$0.00,$0.00,$0.00,Stripe,Yes,,Completed,Online,2,85e320ae-0386-4889-a104-833d67f4062c
SHA1029,Shaandaar Diwali Cruise,26/10/2024,7:00 pm,Gary,Berry,gary.berry25@example.com,1155661340,05/08/2026 01:58 pm,Online,Paid,1,0,$45.00,$0.00,$0.00,$0.00,$1.80,$0.00,$0.00,$0.00,$46.80,$0.00,$0.00,$0.00,$0.00,$45.00,$45.00,$0.00,,,,$0.00,$0.00,$0.00,$0.00,Stripe,Yes,,Completed,Online,1,df26808c-0a9b-4d13-8ac6-8dc00b87a9be
SHA1030,Shaandaar Diwali Cruise,26/10/2024,7:00 pm,Gregory,Anderson,gregory.anderson57@example.com,8408922706,11/08/2026 05:59 pm,Online,Paid,1,0,$45.00,$0.00,$0.00,$0.00,$1.80,$0.00,$0.00,$0.00,$46.80,$0.00,$0.00,$0.00,$0.00,$45.00,$45.00,$0.00,,,,$0.00,$0.00,$0.00,$0.00,Stripe,No,,Completed,Online,1,4f673cae-6269-4e84-a69b-fb90ed4639fc
SHA1031,Shaandaar Diwali Cruise,26/10/2024,7:00 pm,Christopher,Franklin,christopher.franklin36@example.com,9356580363,03/08/2026 01:56 am,Online,Paid,1,0,$45.00,$0.00,$0.00,$0.00,$1.80,$0.00,$0.00,$0.00,$46.80,$0.00,$0.00,$0.00,$0.00,$45.00,$45.00,$0.00,,,,$0.00,$0.00,$0.00,$0.00,Stripe,No,,Completed,Online,1,deee905c-23dd-4678-bcbb-aa4d4afa449f
SHA1032,Shaandaar Diwali Cruise,26/10/2024,7:00 pm,Dorothy,Ryan,dorothy.ryan25@example.com,5817083351,16/07/2026 08:00 pm,Online,Paid,2,0,$90.00,$0.00,$0.00,$0.00,$3.60,$0.00,$0.00,$0.00,$93.60,$0.00,$0.00,$0.00,$0.00,$90.00,$90.00,$0.00,,,,$0.00,$0.00,$0.00,$0.00,Stripe,Yes,,Completed,Online,2,df394722-a2d4-4592-a59b-7d7245ab6c0d
SHA1033,Shaandaar Diwali Cruise,26/10/2024,7:00 pm,Suzanne,Wilson,suzanne.wilson81@example.com,6390004539,09/08/2026 11:06 pm,Online,Paid,1,0,$45.00,$0.00,$0.00,$0.00,$1.80,$0.00,$0.00,$0.00,$46.80,$0.00,$0.00,$0.00,$0.00,$45.00,$45.00,$0.00,,,,$0.00,$0.00,$0.00,$0.00,Stripe,No,,Completed,Online,1,e6f67e57-df7b-48b9-b90f-a0a6b393eaea
SHA1034,Shaandaar Diwali Cruise,26/10/2024,7:00 pm,Grace,Bradshaw,grace.bradshaw38@example.com,7251409617,07/08/2026 03:43 pm,Online,Paid,3,0,$135.00,$0.00,$0.00,$0.00,$5.40,$0.00,$0.00,$0.00,$140.40,$0.00,$0.00,$0.00,$0.00,$135.00,$135.00,$0.00,,,,$0.00,$0.00,$0.00,$0.00,Stripe,No,,Completed,Online,3,35f427a6-72a4-4452-b1fa-007f8080910b
SHA1035,Shaandaar Diwali Cruise,26/10/2024,7:00 pm,Kevin,Dean,kevin.dean30@example.com,9816688130,13/07/2026 06:37 am,Online,Paid,3,0,$135.00,$0.00,$0.00,$0.00,$5.40,$0.00,$0.00,$0.00,$140.40,$0.00,$0.00,$0.00,$0.00,$135.00,$135.00,$0.00,,,,$0.00,$0.00,$0.00,$0.00,Stripe,Yes,,Completed,Online,3,adeac79f-1bcc-456b-9a4d-0cd36135d80a
SHA1036,Shaandaar Diwali Cruise,26/10/2024,7:00 pm,Cynthia,Johnson,cynthia.johnson88@example.com,5016454662,17/07/2026 10:53 am,Online,Paid,2,0,$90.00,$0.00,$0.00,$0.00,$3.60,$0.00,$0.00,$0.00,$93.60,$0.00,$0.00,$0.00,$0.00,$90.00,$90.00,$0.00,,,,$0.00,$0.00,$0.00,$0.00,Stripe,Yes,,Completed,Online,2,5963ec64-ddb7-4f07-a7a0-28161c988c32
SHA1037,Shaandaar Diwali Cruise,26/10/2024,7:00 pm,Jacob,Gill,jacob.gill9@example.com,2769876229,18/07/2026 10:49 pm,Manual,Paid,1,0,$45.00,$0.00,$0.00,$0.00,$1.80,$0.00,$0.00,$0.00,$46.80,$0.00,$0.00,$0.00,$0.00,$45.00,$45.00,$0.00,,,,$0.00,$0.00,$0.00,$0.00,Stripe,No,,Completed,Manual,1,47b47f1d-7d00-4529-8f1f-d126f11afe8d
SHA1038,Shaandaar Diwali Cruise,26/10/2024,7:00 pm,Desiree,Garrison,desiree.garrison89@example.com,9897173315,24/07/2026 02:23 pm,Online,Paid,3,0,$135.00,$0.00,$0.00,$0.00,$5.40,$0.00,$0.00,$0.00,$140.40,$0.00,$0.00,$0.00,$0.00,$135.00,$135.00,$0.00,,,,$0.00,$0.00,$0.00,$0.00,Stripe,Yes,,Completed,Online,3,2c284830-471a-4ceb-a4d0-7cd8096d3904
SHA1039,Shaandaar Diwali Cruise,26/10/2024,7:00 pm,Thomas,Anderson,thomas.anderson49@example.com,4471650441,25/07/2026 07:58 am,Online,Paid,1,0,$45.00,$0.00,$0.00,$0.00,$1.80,$0.00,$0.00,$0.00,$46.80,$0.00,$0.00,$0.00,$0.00,$45.00,$45.00,$0.00,,,,$0.00,$0.00,$0.00,$0.00,Stripe,No,,Completed,Online,1,58520681-f7f2-4e7a-88af-900342e05a09
SHA1040,Shaandaar Diwali Cruise,26/10/2024,7:00 pm,Jennifer,Mason,jennifer.mason29@example.com,9694541913,06/08/2026 12:20 am,Online,Paid,3,0,$135.00,$0.00,$0.00,$0.00,$5.40,$0.00,$0.00,$0.00,$140.40,$0.00,$0.00,$0.00,$0.00,$135.00,$135.00,$0.00,,,,$0.00,$0.00,$0.00,$0.00,Stripe,No,,Completed,Online,3,7c2febce-8188-4021-984d-cca241192e85
SHA1041,Shaandaar Diwali Cruise,26/10/2024,7:00 pm,Samantha,Osborn,samantha.osborn28@example.com,0938373965,11/08/2026 05:16 pm,Online,Paid,2,0,$90.00,$0.00,$0.00,$0.00,$3.60,$0.00,$0.00,$0.00,$93.60,$0.00,$0.00,$0.00,$0.00,$90.00,$90.00,$0.00,,,,$0.00,$0.00,$0.00,$0.00,Stripe,No,,Completed,Online,2,6ab9af93-ab8c-400e-b9a8-2e2cd116abc9
SHA1042,Shaandaar Diwali Cruise,26/10/2024,7:00 pm,Donald,Smith,donald.smith96@example.com,4146440261,10/07/2026 12:05 pm,Online,Paid,3,0,$135.00,$0.00,$0.00,$0.00,$5.40,$0.00,$0.00,$0.00,$140.40,$0.00,$0.00,$0.00,$0.00,$135.00,$135.00,$0.00,,,,$0.00,$0.00,$0.00,$0.00,Stripe,No,,Completed,Online,3,5a6cbd88-5357-4ede-a7a8-ffcf484c578f
SHA1043,Shaandaar Diwali Cruise,26/10/2024,7:00 pm,Emily,Adams,emily.adams66@example.com,8326213841,23/07/2026 05:26 pm,Online,Paid,1,0,$45.00,$0.00,$0.00,$0.00,$1.80,$0.00,$0.00,$0.00,$46.80,$0.00,$0.00,$0.00,$0.00,$45.00,$45.00,$0.00,,,,$0.00,$0.00,$0.00,$0.00,Stripe,Yes,,Completed,Online,1,aac16152-935d-4c24-8246-dd11d7abd797
SHA1044,Shaandaar Diwali Cruise,26/10/2024,7:00 pm,Steven,Wilson,steven.wilson92@example.com,5275056880,24/07/2026 02:53 am,Manual,Paid,2,0,$90.00,$0.00,$0.00,$0.00,$3.60,$0.00,$0.00,$0.00,$93.60,$0.00,$0.00,$0.00,$0.00,$90.00,$90.00,$0.00,,,,$0.00,$0.00,$0.00,$0.00,Stripe,Yes,,Completed,Manual,2,0363f8ee-b276-4405-ac03-25faec337edc
SHA1045,Shaandaar Diwali Cruise,26/10/2024,7:00 pm,Brian,Romero,brian.romero87@example.com,1263340293,27/07/2026 12:20 pm,Online,Paid,1,0,$45.00,$0.00,$0.00,$0.00,$1.80,$0.00,$0.00,$0.00,$46.80,$0.00,$0.00,$0.00,$0.00,$45.00,$45.00,$0.00,,,,$0.00,$0.00,$0.00,$0.00,Stripe,No,,Completed,Online,1,26c52ced-3f8c-4b76-8873-b8b0bbb9c175
SHA1046,Shaandaar Diwali Cruise,26/10/2024,7:00 pm,John,Fischer,john.fischer48@example.com,7332627767,26/07/2026 06:29 am,Manual,Paid,1,0,$45.00,$0.00,$0.00,$0.00,$1.80,$0.00,$0.00,$0.00,$46.80,$0.00,$0.00,$0.00,$0.00,$45.00,$45.00,$0.00,,,,$0.00,$0.00,$0.00,$0.00,Stripe,No,,Completed,Manual,1,cb22537a-81b1-4160-a959-6e8355f342ab
SHA1047,Shaandaar Diwali Cruise,26/10/2024,7:00 pm,Charles,Ware,charles.ware20@example.com,9468774929,30/07/2026 05:57 am,Online,Paid,1,0,$45.00,$0.00,$0.00,$0.00,$1.80,$0.00,$0.00,$0.00,$46.80,$0.00,$0.00,$0.00,$0.00,$45.00,$45.00,$0.00,,,,$0.00,$0.00,$0.00,$0.00,Stripe,Yes,,Completed,Online,1,12ab21e5-c990-4529-b1a2-48049c4ea246
SHA1048,Shaandaar Diwali Cruise,26/10/2024,7:00 pm,Daniel,Smith,daniel.smith60@example.com,5726684905,18/07/2026 06:11 am,Online,Paid,2,0,$90.00,$0.00,$0.00,$0.00,$3.60,$0.00,$0.00,$0.00,$93.60,$0.00,$0.00,$0.00,$0.00,$90.00,$90.00,$0.00,,,,$0.00,$0.00,$0.00,$0.00,Stripe,Yes,,Completed,Online,2,805b7c77-a56b-4436-b06b-771ee5c6c8a4
SHA1049,Shaandaar Diwali Cruise,26/10/2024,7:00 pm,Dawn,Steele,dawn.steele91@example.com,0316131779,18/07/2026 01:39 pm,Online,Paid,3,0,$135.00,$0.00,$0.00,$0.00,$5.40,$0.00,$0.00,$0.00,$140.40,$0.00,$0.00,$0.00,$0.00,$135.00,$135.00,$0.00,,,,$0.00,$0.00,$0.00,$0.00,Stripe,No,,Completed,Online,3,3516545c-ea46-4cd2-8a8e-1a0a4d6a8c85
SHA1050,Shaandaar Diwali Cruise,26/10/2024,7:00 pm,Robert,Villa,robert.villa59@example.com,3315180166,01/08/2026 12:53 am,Online,Paid,2,0,$90.00,$0.00,$0.00,$0.00,$3.60,$0.00,$0.00,$0.00,$93.60,$0.00,$0.00,$0.00,$0.00,$90.00,$90.00,$0.00,,,,$0.00,$0.00,$0.00,$0.00,Stripe,No,,Completed,Online,2,229aa147-6c62-487f-bfe1-40e4285331c8
SHA1051,Shaandaar Diwali Cruise,26/10/2024,7:00 pm,John,Thompson,john.thompson14@example.com,9388953115,31/07/2026 09:08 am,Online,Paid,2,0,$90.00,$0.00,$0.00,$0.00,$3.60,$0.00,$0.00,$0.00,$93.60,$0.00,$0.00,$0.00,$0.00,$90.00,$90.00,$0.00,,,,$0.00,$0.00,$0.00,$0.00,Stripe,Yes,,Completed,Online,2,18209669-e8ba-4777-8b4f-36e87be901d4
SHA1052,Shaandaar Diwali Cruise,26/10/2024,7:00 pm,Jeffrey,Thomas,jeffrey.thomas54@example.com,4159106608,24/07/2026 10:17 am,Online,Paid,1,0,$45.00,$0.00,$0.00,$0.00,$1.80,$0.00,$0.00,$0.00,$46.80,$0.00,$0.00,$0.00,$0.00,$45.00,$45.00,$0.00,,,,$0.00,$0.00,$0.00,$0.00,Stripe,Yes,,Completed,Online,1,0f423f8a-5a6c-427b-a14b-58b8b739b772
SHA1053,Shaandaar Diwali Cruise,26/10/2024,7:00 pm,Jennifer,Sanders,jennifer.sanders76@example.com,2622478922,21/07/2026 04:58 pm,Online,Paid,1,0,$45.00,$0.00,$0.00,$0.00,$1.80,$0.00,$0.00,$0.00,$46.80,$0.00,$0.00,$0.00,$0.00,$45.00,$45.00,$0.00,,,,$0.00,$0.00,$0.00,$0.00,Stripe,Yes,,Completed,Online,1,de6b51a5-257b-42de-b241-6aedfe3dc3e5
SHA1054,Shaandaar Diwali Cruise,26/10/2024,7:00 pm,Brian,Gutierrez,brian.gutierrez32@example.com,1350621084,16/08/2026 06:46 pm,Online,Paid,1,0,$45.00,$0.00,$0.00,$0.00,$1.80,$0.00,$0.00,$0.00,$46.80,$0.00,$0.00,$0.00,$0.00,$45.00,$45.00,$0.00,,,,$0.00,$0.00,$0.00,$0.00,Stripe,Yes,,Completed,Online,1,9d11963c-d827-42e1-bae5-b44eddcf879a
SHA1055,Shaandaar Diwali Cruise,26/10/2024,7:00 pm,Victor,Pena,victor.pena67@example.com,0629810997,14/08/2026 02:51 am,Online,Paid,1,0,$45.00,$0.00,$0.00,$0.00,$1.80,$0.00,$0.00,$0.00,$46.80,$0.00,$0.00,$0.00,$0.00,$45.00,$45.00,$0.00,,,,$0.00,$0.00,$0.00,$0.00,Stripe,No,,Completed,Online,1,eeca93ec-6b1c-49c3-a549-fe0987edf6c6
SHA1056,Shaandaar Diwali Cruise,26/10/2024,7:00 pm,Chase,Lin,chase.lin61@example.com,6816821407,25/07/2026 12:02 am,Online,Paid,1,0,$45.00,$0.00,$0.00,$0.00,$1.80,$0.00,$0.00,$0.00,$46.80,$0.00,$0.00,$0.00,$0.00,$45.00,$45.00,$0.00,,,,$0.00,$0.00,$0.00,$0.00,Stripe,No,,Completed,Online,1,f941e86e-af97-4123-8684-2d760dcd7f27
SHA1057,Shaandaar Diwali Cruise,26/10/2024,7:00 pm,Shawn,Edwards,shawn.edwards32@example.com,3903909200,28/07/2026 02:10 am,Online,Paid,1,0,$45.00,$0.00,$0.00,$0.00,$1.80,$0.00,$0.00,$0.00,$46.80,$0.00,$0.00,$0.00,$0.00,$45.00,$45.00,$0.00,,,,$0.00,$0.00,$0.00,$0.00,Stripe,Yes,,Completed,Online,1,7b7cfb7f-0a20-4adc-8bcc-a54b65d67be4
SHA1058,Shaandaar Diwali Cruise,26/10/2024,7:00 pm,William,Ford,william.ford22@example.com,4748579888,10/07/2026 04:37 pm,Online,Paid,1,0,$45.00,$0.00,$0.00,$0.00,$1.80,$0.00,$0.00,$0.00,$46.80,$0.00,$0.00,$0.00,$0.00,$45.00,$45.00,$0.00,,,,$0.00,$0.00,$0.00,$0.00,Stripe,Yes,,Completed,Online,1,3a79374e-763b-4db1-ab11-a9653b25359a
SHA1059,Shaandaar Diwali Cruise,26/10/2024,7:00 pm,Michelle,Wright,michelle.wright65@example.com,2293229725,31/07/2026 04:39 am,Online,Paid,1,0,$45.00,$0.00,$0.00,$0.00,$1.80,$0.00,$0.00,$0.00,$46.80,$0.00,$0.00,$0.00,$0.00,$45.00,$45.00,$0.00,,,,$0.00,$0.00,$0.00,$0.00,Stripe,Yes,,Completed,Online,1,da7e6419-abb7-4c29-97b8-7e384bf5843d
SHA1060,Shaandaar Diwali Cruise,26/10/2024,7:00 pm,Gail,Evans,gail.evans6@example.com,7543188645,05/08/2026 06:31 pm,Online,Paid,2,0,$90.00,$0.00,$0.00,$0.00,$3.60,$0.00,$0.00,$0.00,$93.60,$0.00,$0.00,$0.00,$0.00,$90.00,$90.00,$0.00,,,,$0.00,$0.00,$0.00,$0.00,Stripe,Yes,,Completed,Online,2,79bdc5f9-0eb3-447f-8d57-37488bcbc7d2
SHA1061,Shaandaar Diwali Cruise,26/10/2024,7:00 pm,Nathaniel,Williamson,nathaniel.williamson98@example.com,4636698375,11/08/2026 03:42 am,Online,Paid,4,0,$180.00,$0.00,$0.00,$0.00,$7.20,$0.00,$0.00,$0.00,$187.20,$0.00,$0.00,$0.00,$0.00,$180.00,$180.00,$0.00,,,,$0.00,$0.00,$0.00,$0.00,Stripe,No,,Completed,Online,4,56100399-eb09-41b6-94e2-602447b76f3c
SHA1062,Shaandaar Diwali Cruise,26/10/2024,7:00 pm,Michael,Ortega,michael.ortega56@example.com,5007709903,31/07/2026 03:08 pm,Online,Paid,1,0,$45.00,$0.00,$0.00,$0.00,$1.80,$0.00,$0.00,$0.00,$46.80,$0.00,$0.00,$0.00,$0.00,$45.00,$45.00,$0.00,,,,$0.00,$0.00,$0.00,$0.00,Stripe,No,,Completed,Online,1,13eae6ba-e0f9-4eb1-a151-76d11851408c
SHA1063,Shaandaar Diwali Cruise,26/10/2024,7:00 pm,Raymond,Banks,raymond.banks35@example.com,9804333156,10/08/2026 08:37 am,Online,Paid,1,0,$45.00,$0.00,$0.00,$0.00,$1.80,$0.00,$0.00,$0.00,$46.80,$0.00,$0.00,$0.00,$0.00,$45.00,$45.00,$0.00,,,,$0.00,$0.00,$0.00,$0.00,Stripe,No,,Completed,Online,1,1559727f-0c7b-481e-9d93-7e2504b4fa56
SHA1064,Shaandaar Diwali Cruise,26/10/2024,7:00 pm,Amy,Snyder,amy.snyder36@example.com,1933520622,22/07/2026 02:12 pm,Online,Paid,1,0,$45.00,$0.00,$0.00,$0.00,$1.80,$0.00,$0.00,$0.00,$46.80,$0.00,$0.00,$0.00,$0.00,$45.00,$45.00,$0.00,,,,$0.00,$0.00,$0.00,$0.00,Stripe,Yes,,Completed,Online,1,6342d18d-fd5c-4a5b-93c7-6f0835025f9c
SHA1065,Shaandaar Diwali Cruise,26/10/2024,7:00 pm,Xavier,Jimenez,xavier.jimenez90@example.com,6633161408,08/08/2026 09:29 am,Online,Paid,1,0,$45.00,$0.00,$0.00,$0.00,$1.80,$0.00,$0.00,$0.00,$46.80,$0.00,$0.00,$0.00,$0.00,$45.00,$45.00,$0.00,,,,$0.00,$0.00,$0.00,$0.00,Stripe,Yes,,Completed,Online,1,15f16ccc-79b1-4c37-9055-a10d01ff4957
SHA1066,Shaandaar Diwali Cruise,26/10/2024,7:00 pm,Karen,Finley,karen.finley61@example.com,9945740519,06/08/2026 08:40 am,Online,Paid,2,0,$90.00,$0.00,$0.00,$0.00,$3.60,$0.00,$0.00,$0.00,$93.60,$0.00,$0.00,$0.00,$0.00,$90.00,$90.00,$0.00,,,,$0.00,$0.00,$0.00,$0.00,Stripe,Yes,,Completed,Online,2,e55f6b6d-9917-4013-92d7-a1ec8dd8299a
SHA1067,Shaandaar Diwali Cruise,26/10/2024,7:00 pm,Samantha,Schroeder,samantha.schroeder19@example.com,5673526359,07/08/2026 02:08 am,Online,Paid,1,0,$45.00,$0.00,$0.00,$0.00,$1.80,$0.00,$0.00,$0.00,$46.80,$0.00,$0.00,$0.00,$0.00,$45.00,$45.00,$0.00,,,,$0.00,$0.00,$0.00,$0.00,Stripe,No,,Completed,Online,1,5c8bfec4-3d16-4ecf-aea4-8d19ccbe0940
SHA1068,Shaandaar Diwali Cruise,26/10/2024,7:00 pm,Alicia,Hammond,alicia.hammond18@example.com,3022867106,17/07/2026 12:16 pm,Online,Paid,1,0,$45.00,$0.00,$0.00,$0.00,$1.80,$0.00,$0.00,$0.00,$46.80,$0.00,$0.00,$0.00,$0.00,$45.00,$45.00,$0.00,,,,$0.00,$0.00,$0.00,$0.00,Stripe,Yes,,Completed,Online,1,94c43fa8-4b7b-48a7-ab24-e201058e44fa
SHA1069,Shaandaar Diwali Cruise,26/10/2024,7:00 pm,Andrea,Rowe,andrea.rowe20@example.com,5777414905,16/07/2026 10:41 pm,Online,Paid,1,0,$45.00,$0.00,$0.00,$0.00,$1.80,$0.00,$0.00,$0.00,$46.80,$0.00,$0.00,$0.00,$0.00,$45.00,$45.00,$0.00,,,,$0.00,$0.00,$0.00,$0.00,Stripe,Yes,,Completed,Online,1,20e5b5b5-26b2-4825-b10f-83a6564e37d8
SHA1070,Shaandaar Diwali Cruise,26/10/2024,7:00 pm,David,Daniel,david.daniel69@example.com,5261587898,07/08/2026 05:30 am,Online,Paid,1,0,$45.00,$0.00,$0.00,$0.00,$1.80,$0.00,$0.00,$0.00,$46.80,$0.00,$0.00,$0.00,$0.00,$45.00,$45.00,$0.00,,,,$0.00,$0.00,$0.00,$0.00,Stripe,No,,Completed,Online,1,dca34d32-8dc8-456c-ba8b-d808d0cfde2e
SHA1071,Shaandaar Diwali Cruise,26/10/2024,7:00 pm,James,West,james.west82@example.com,1511142412,20/07/2026 03:08 am,Online,Paid,2,0,$90.00,$0.00,$0.00,$0.00,$3.60,$0.00,$0.00,$0.00,$93.60,$0.00,$0.00,$0.00,$0.00,$90.00,$90.00,$0.00,,,,$0.00,$0.00,$0.00,$0.00,Stripe,No,,Completed,Online,2,4e2ba728-e307-42f2-9d40-33dbfe76d3e5
SHA1072,Shaandaar Diwali Cruise,26/10/2024,7:00 pm,Molly,Murphy,molly.murphy32@example.com,3137174190,17/08/2026 02:07 am,Online,Paid,1,0,$45.00,$0.00,$0.00,$0.00,$1.80,$0.00,$0.00,$0.00,$46.80,$0.00,$0.00,$0.00,$0.00,$45.00,$45.00,$0.00,,,,$0.00,$0.00,$0.00,$0.00,Stripe,Yes,,Completed,Online,1,f1a57a1b-e79a-4e24-8f6d-8d2d52389ed8
SHA1073,Shaandaar Diwali Cruise,26/10/2024,7:00 pm,Brian,Hurst,brian.hurst89@example.com,8570340117,22/07/2026 06:58 pm,Online,Paid,1,0,$45.00,$0.00,$0.00,$0.00,$1.80,$0.00,$0.00,$0.00,$46.80,$0.00,$0.00,$0.00,$0.00,$45.00,$45.00,$0.00,,,,$0.00,$0.00,$0.00,$0.00,Stripe,Yes,,Completed,Online,1,34cfd7b1-1ab1-4b94-a30f-51d20767c4b4
SHA1074,Shaandaar Diwali Cruise,26/10/2024,7:00 pm,Brandon,Cooper,brandon.cooper16@example.com,1127383181,04/08/2026 06:26 pm,Online,Paid,1,0,$45.00,$0.00,$0.00,$0.00,$1.80,$0.00,$0.00,$0.00,$46.80,$0.00,$0.00,$0.00,$0.00,$45.00,$45.00,$0.00,,,,$0.00,$0.00,$0.00,$0.00,Stripe,No,,Completed,Online,1,5161f577-f6fd-45a7-be90-62a7f001877f
SHA1075,Shaandaar Diwali Cruise,26/10/2024,7:00 pm,Vincent,Williams,vincent.williams92@example.com,5640019154,28/07/2026 05:51 pm,Online,Paid,3,0,$135.00,$0.00,$0.00,$0.00,$5.40,$0.00,$0.00,$0.00,$140.40,$0.00,$0.00,$0.00,$0.00,$135.00,$135.00,$0.00,,,,$0.00,$0.00,$0.00,$0.00,Stripe,No,,Completed,Online,3,700c4626-df86-4b09-a4f3-ada1b5a8d861
SHA1076,Shaandaar Diwali Cruise,26/10/2024,7:00 pm,Cynthia,Allen,cynthia.allen56@example.com,4116434241,31/07/2026 11:22 pm,Online,Paid,1,0,$45.00,$0.00,$0.00,$0.00,$1.80,$0.00,$0.00,$0.00,$46.80,$0.00,$0.00,$0.00,$0.00,$45.00,$45.00,$0.00,,,,$0.00,$0.00,$0.00,$0.00,Stripe,No,,Completed,Online,1,a8ac3e8c-4aa9-440a-a0ad-ad94512db423
SHA1077,Shaandaar Diwali Cruise,26/10/2024,7:00 pm,Cynthia,Kelley,cynthia.kelley99@example.com,2482230642,25/07/2026 08:14 pm,Online,Paid,2,0,$90.00,$0.00,$0.00,$0.00,$3.60,$0.00,$0.00,$0.00,$93.60,$0.00,$0.00,$0.00,$0.00,$90.00,$90.00,$0.00,,,,$0.00,$0.00,$0.00,$0.00,Stripe,Yes,,Completed,Online,2,667c1df7-42ff-46b5-82de-e053ebaa2aca
SHA1078,Shaandaar Diwali Cruise,26/10/2024,7:00 pm,Joseph,Jacobs,joseph.jacobs52@example.com,1592346652,12/07/2026 01:07 pm,Online,Paid,3,0,$135.00,$0.00,$0.00,$0.00,$5.40,$0.00,$0.00,$0.00,$140.40,$0.00,$0.00,$0.00,$0.00,$135.00,$135.00,$0.00,,,,$0.00,$0.00,$0.00,$0.00,Stripe,No,,Completed,Online,3,30360f50-5322-4e8f-81d2-a6e96cb85bd4
SHA1079,Shaandaar Diwali Cruise,26/10/2024,7:00 pm,Carrie,Short,carrie.short90@example.com,1649506054,09/08/2026 02:20 am,Online,Paid,3,0,$135.00,$0.00,$0.00,$0.00,$5.40,$0.00,$0.00,$0.00,$140.40,$0.00,$0.00,$0.00,$0.00,$135.00,$135.00,$0.00,,,,$0.00,$0.00,$0.00,$0.00,Stripe,Yes,,Completed,Online,3,edaee0a6-ffd9-4dd6-bafb-7a3f79ce5c4e
SHA1080,Shaandaar Diwali Cruise,26/10/2024,7:00 pm,Christopher,Dixon,christopher.dixon46@example.com,4631078907,04/08/2026 09:16 pm,Online,Paid,1,0,$45.00,$0.00,$0.00,$0.00,$1.80,$0.00,$0.00,$0.00,$46.80,$0.00,$0.00,$0.00,$0.00,$45.00,$45.00,$0.00,,,,$0.00,$0.00,$0.00,$0.00,Stripe,No,,Completed,Online,1,523c1c6d-bfd9-4319-af3b-6dcdd5ea93eb
SHA1081,Shaandaar Diwali Cruise,26/10/2024,7:00 pm,Renee,Jones,renee.jones43@example.com,0188304154,28/07/2026 01:41 am,Online,Paid,1,0,$45.00,$0.00,$0.00,$0.00,$1.80,$0.00,$0.00,$0.00,$46.80,$0.00,$0.00,$0.00,$0.00,$45.00,$45.00,$0.00,,,,$0.00,$0.00,$0.00,$0.00,Stripe,Yes,,Completed,Online,1,3cf54bcd-3d8d-4cb5-bf91-31c2d67af5b3
SHA1082,Shaandaar Diwali Cruise,26/10/2024,7:00 pm,Joshua,Hays,joshua.hays4@example.com,5973697016,20/07/2026 08:09 pm,Online,Paid,1,0,$45.00,$0.00,$0.00,$0.00,$1.80,$0.00,$0.00,$0.00,$46.80,$0.00,$0.00,$0.00,$0.00,$45.00,$45.00,$0.00,,,,$0.00,$0.00,$0.00,$0.00,Stripe,No,,Completed,Online,1,d630dc94-5ce1-41b9-b37f-9b70d60abbbe
SHA1083,Shaandaar Diwali Cruise,26/10/2024,7:00 pm,John,Foster,john.foster64@example.com,5040937011,19/07/2026 07:46 pm,Online,Paid,3,0,$135.00,$0.00,$0.00,$0.00,$5.40,$0.00,$0.00,$0.00,$140.40,$0.00,$0.00,$0.00,$0.00,$135.00,$135.00,$0.00,,,,$0.00,$0.00,$0.00,$0.00,Stripe,No,,Completed,Online,3,b24fe018-9282-4430-8e98-21a265d8106a
SHA1084,Shaandaar Diwali Cruise,26/10/2024,7:00 pm,Kyle,Brown,kyle.brown47@example.com,9529055095,27/07/2026 08:50 pm,Online,Paid,4,0,$180.00,$0.00,$0.00,$0.00,$7.20,$0.00,$0.00,$0.00,$187.20,$0.00,$0.00,$0.00,$0.00,$180.00,$180.00,$0.00,,,,$0.00,$0.00,$0.00,$0.00,Stripe,No,,Completed,Online,4,4453a482-87d7-4df5-9142-7ee8808f891c
SHA1085,Shaandaar Diwali Cruise,26/10/2024,7:00 pm,Scott,Nelson,scott.nelson86@example.com,6680639924,27/07/2026 08:07 pm,Online,Paid,2,0,$90.00,$0.00,$0.00,$0.00,$3.60,$0.00,$0.00,$0.00,$93.60,$0.00,$0.00,$0.00,$0.00,$90.00,$90.00,$0.00,,,,$0.00,$0.00,$0.00,$0.00,Stripe,No,,Completed,Online,2,dca143cf-58a9-49e7-98c9-a88517237eb9
SHA1086,Shaandaar Diwali Cruise,26/10/2024,7:00 pm,Brittany,Gardner,brittany.gardner61@example.com,2789088068,20/07/2026 09:58 pm,Online,Paid,2,0,$90.00,$0.00,$0.00,$0.00,$3.60,$0.00,$0.00,$0.00,$93.60,$0.00,$0.00,$0.00,$0.00,$90.00,$90.00,$0.00,,,,$0.00,$0.00,$0.00,$0.00,Stripe,No,,Completed,Online,2,d2599dbb-aaf1-4808-b5c4-4e8c266c7f75
SHA1087,Shaandaar Diwali Cruise,26/10/2024,7:00 pm,Daniel,Hamilton,daniel.hamilton1@example.com,9282233125,15/07/2026 12:01 am,Online,Paid,2,0,$90.00,$0.00,$0.00,$0.00,$3.60,$0.00,$0.00,$0.00,$93.60,$0.00,$0.00,$0.00,$0.00,$90.00,$90.00,$0.00,,,,$0.00,$0.00,$0.00,$0.00,Stripe,Yes,,Completed,Online,2,d316a07f-0097-4552-98a1-a0be2312a685
SHA1088,Shaandaar Diwali Cruise,26/10/2024,7:00 pm,Charles,Ware,charles.ware20@example.com,8561627141,06/08/2026 07:46 am,Online,Paid,2,0,$90.00,$0.00,$0.00,$0.00,$3.60,$0.00,$0.00,$0.00,$93.60,$0.00,$0.00,$0.00,$0.00,$90.00,$90.00,$0.00,,,,$0.00,$0.00,$0.00,$0.00,Stripe,No,,Completed,Online,2,7e9bbfdb-b559-4118-a717-ff187f2e9db1
SHA1089,Shaandaar Diwali Cruise,26/10/2024,7:00 pm,James,Wilson,james.wilson32@example.com,5737421420,17/07/2026 06:22 pm,Online,Paid,2,0,$90.00,$0.00,$0.00,$0.00,$3.60,$0.00,$0.00,$0.00,$93.60,$0.00,$0.00,$0.00,$0.00,$90.00,$90.00,$0.00,,,,$0.00,$0.00,$0.00,$0.00,Stripe,Yes,,Completed,Online,2,3d0bb4c9-980b-4ca5-b075-1d9e08e130ae
SHA1090,Shaandaar Diwali Cruise,26/10/2024,7:00 pm,Cody,Rice,cody.rice91@example.com,1587199425,14/08/2026 08:49 am,Online,Paid,2,0,$90.00,$0.00,$0.00,$0.00,$3.60,$0.00,$0.00,$0.00,$93.60,$0.00,$0.00,$0.00,$0.00,$90.00,$90.00,$0.00,,,,$0.00,$0.00,$0.00,$0.00,Stripe,No,,Completed,Online,2,d8cf6e23-f591-4e59-a9c0-303822cd1168
SHA1091,Shaandaar Diwali Cruise,26/10/2024,7:00 pm,Patrick,Gilbert,patrick.gilbert86@example.com,0955877993,10/08/2026 08:36 am,Online,Paid,2,0,$90.00,$0.00,$0.00,$0.00,$3.60,$0.00,$0.00,$0.00,$93.60,$0.00,$0.00,$0.00,$0.00,$90.00,$90.00,$0.00,,,,$0.00,$0.00,$0.00,$0.00,Stripe,Yes,,Completed,Online,2,95c0abac-75d8-4562-b5fa-a0f97d127ea6
SHA1092,Shaandaar Diwali Cruise,26/10/2024,7:00 pm,Courtney,Berger,courtney.berger17@example.com,3816129213,23/07/2026 11:45 pm,Online,Paid,1,0,$45.00,$0.00,$0.00,$0.00,$1.80,$0.00,$0.00,$0.00,$46.80,$0.00,$0.00,$0.00,$0.00,$45.00,$45.00,$0.00,,,,$0.00,$0.00,$0.00,$0.00,Stripe,No,,Completed,Online,1,12dadeff-a2fa-4b69-a35d-8d8ba8e26a15
SHA1093,Shaandaar Diwali Cruise,26/10/2024,7:00 pm,Sean,Mitchell,sean.mitchell29@example.com,0107535024,19/07/2026 05:52 pm,Online,Paid,2,0,$90.00,$0.00,$0.00,$0.00,$3.60,$0.00,$0.00,$0.00,$93.60,$0.00,$0.00,$0.00,$0.00,$90.00,$90.00,$0.00,,,,$0.00,$0.00,$0.00,$0.00,Stripe,No,,Completed,Online,2,c6b4cd8d-d510-49c2-8678-2814f465d277
SHA1094,Shaandaar Diwali Cruise,26/10/2024,7:00 pm,Bobby,Mahoney,bobby.mahoney9@example.com,2322232087,11/08/2026 02:19 am,Online,Paid,3,0,$135.00,$0.00,$0.00,$0.00,$5.40,$0.00,$0.00,$0.00,$140.40,$0.00,$0.00,$0.00,$0.00,$135.00,$135.00,$0.00,,,,$0.00,$0.00,$0.00,$0.00,Stripe,Yes,,Completed,Online,3,ce2a1bae-dc2f-4f74-b430-f524e2f0a58c
SHA1095,Shaandaar Diwali Cruise,26/10/2024,7:00 pm,Travis,Mcguire,travis.mcguire25@example.com,3913708587,28/07/2026 09:57 pm,Online,Paid,1,0,$45.00,$0.00,$0.00,$0.00,$1.80,$0.00,$0.00,$0.00,$46.80,$0.00,$0.00,$0.00,$0.00,$45.00,$45.00,$0.00,,,,$0.00,$0.00,$0.00,$0.00,Stripe,No,,Completed,Online,1,39a62072-1fb7-4115-ab61-77c69e334d07
SHA1096,Shaandaar Diwali Cruise,26/10/2024,7:00 pm,Chad,Welch,chad.welch59@example.com,6822608099,16/08/2026 10:52 am,Online,Paid,2,0,$90.00,$0.00,$0.00,$0.00,$3.60,$0.00,$0.00,$0.00,$93.60,$0.00,$0.00,$0.00,$0.00,$90.00,$90.00,$0.00,,,,$0.00,$0.00,$0.00,$0.00,Stripe,Yes,,Completed,Online,2,3b5cd2cd-9fe5-4596-9b51-4fc45f540fc9
SHA1097,Shaandaar Diwali Cruise,26/10/2024,7:00 pm,Donald,Bailey,donald.bailey61@example.com,8449883803,13/07/2026 07:33 am,Online,Paid,3,0,$135.00,$0.00,$0.00,$0.00,$5.40,$0.00,$0.00,$0.00,$140.40,$0.00,$0.00,$0.00,$0.00,$135.00,$135.00,$0.00,,,,$0.00,$0.00,$0.00,$0.00,Stripe,Yes,,Completed,Online,3,3b371fd9-cdcf-4e05-bd8c-c80ee34d391a
SHA1098,Shaandaar Diwali Cruise,26/10/2024,7:00 pm,Becky,Lewis,becky.lewis56@example.com,3370494624,31/07/2026 02:44 pm,Manual,Paid,1,0,$45.00,$0.00,$0.00,$0.00,$1.80,$0.00,$0.00,$0.00,$46.80,$0.00,$0.00,$0.00,$0.00,$45.00,$45.00,$0.00,,,,$0.00,$0.00,$0.00,$0.00,Stripe,Yes,,Completed,Manual,1,7cffc3db-db37-4876-b08b-042f07fafcfa
SHA1099,Shaandaar Diwali Cruise,26/10/2024,7:00 pm,Amanda,Little,amanda.little42@example.com,0535588234,13/08/2026 07:40 pm,Manual,Paid,1,0,$45.00,$0.00,$0.00,$0.00,$1.80,$0.00,$0.00,$0.00,$46.80,$0.00,$0.00,$0.00,$0.00,$45.00,$45.00,$0.00,,,,$0.00,$0.00,$0.00,$0.00,Stripe,No,,Completed,Manual,1,aaf1a1fb-0705-42d5-82dc-4b59c770207a
SHA1100,Shaandaar Diwali Cruise,26/10/2024,7:00 pm,Samantha,Bright,samantha.bright86@example.com,9385028477,01/08/2026 01:40 am,Online,Paid,1,0,$45.00,$0.00,$0.00,$0.00,$1.80,$0.00,$0.00,$0.00,$46.80,$0.00,$0.00,$0.00,$0.00,$45.00,$45.00,$0.00,,,,$0.00,$0.00,$0.00,$0.00,Stripe,Yes,,Completed,Online,1,7c7ff8af-83f4-4790-9732-4b44f626bf8c
SHA1101,Shaandaar Diwali Cruise,26/10/2024,7:00 pm,Miguel,Lara,miguel.lara4@example.com,7156415330,08/08/2026 03:00 am,Online,Paid,2,0,$90.00,$0.00,$0.00,$0.00,$3.60,$0.00,$0.00,$0.00,$93.60,$0.00,$0.00,$0.00,$0.00,$90.00,$90.00,$0.00,,,,$0.00,$0.00,$0.00,$0.00,Stripe,No,,Completed,Online,2,e44690fd-ae5a-46f4-aa85-0dc269350830
SHA1102,Shaandaar Diwali Cruise,26/10/2024,7:00 pm,Anita,Mullen,anita.mullen60@example.com,3311916119,29/07/2026 03:39 pm,Online,Paid,2,0,$90.00,$0.00,$0.00,$0.00,$3.60,$0.00,$0.00,$0.00,$93.60,$0.00,$0.00,$0.00,$0.00,$90.00,$90.00,$0.00,,,,$0.00,$0.00,$0.00,$0.00,Stripe,Yes,,Completed,Online,2,7d75854f-3eb1-44ef-984f-f5dc068b36e9
SHA1103,Shaandaar Diwali Cruise,26/10/2024,7:00 pm,Jeffrey,Turner,jeffrey.turner71@example.com,3403779170,18/07/2026 10:13 am,Online,Refunded,0,2,$0.00,$0.00,$0.00,$0.00,$0.00,$0.00,$0.00,$0.00,$0.00,$0.00,$0.00,$0.00,$0.00,$0.00,$0.00,$0.00,,,,$0.00,$0.00,$0.00,$0.00,Stripe,No,,Completed,Online,2,07090814-3611-4153-a6f2-05f6a18ad358
SHA1104,Shaandaar Diwali Cruise,26/10/2024,7:00 pm,Monique,Wallace,monique.wallace85@example.com,0045820721,26/07/2026 01:28 pm,Online,Paid,4,0,$180.00,$0.00,$0.00,$0.00,$7.20,$0.00,$0.00,$0.00,$187.20,$0.00,$0.00,$0.00,$0.00,$180.00,$180.00,$0.00,,,,$0.00,$0.00,$0.00,$0.00,Stripe,Yes,,Completed,Online,4,4c6f016a-b159-4c09-b949-44ad72e25200
SHA1105,Shaandaar Diwali Cruise,26/10/2024,7:00 pm,Courtney,Hill,courtney.hill55@example.com,8473255065,15/07/2026 08:39 am,Online,Paid,3,0,$135.00,$0.00,$0.00,$0.00,$5.40,$0.00,$0.00,$0.00,$140.40,$0.00,$0.00,$0.00,$0.00,$135.00,$135.00,$0.00,,,,$0.00,$0.00,$0.00,$0.00,Stripe,No,,Completed,Online,3,e41f9988-b76c-4473-95d5-79b00629f110
SHA1106,Shaandaar Diwali Cruise,26/10/2024,7:00 pm,Cynthia,Rogers,cynthia.rogers3@example.com,9120720957,18/07/2026 10:38 pm,Manual,Paid,1,0,$45.00,$0.00,$0.00,$0.00,$1.80,$0.00,$0.00,$0.00,$46.80,$0.00,$0.00,$0.00,$0.00,$45.00,$45.00,$0.00,,,,$0.00,$0.00,$0.00,$0.00,Stripe,No,,Completed,Manual,1,b200b6a2-5053-45ee-bbf1-8e57d8dbf1da
SHA1107,Shaandaar Diwali Cruise,26/10/2024,7:00 pm,Kyle,Harmon,kyle.harmon98@example.com,0819968445,17/08/2026 10:41 am,Manual,Paid,1,0,$45.00,$0.00,$0.00,$0.00,$1.80,$0.00,$0.00,$0.00,$46.80,$0.00,$0.00,$0.00,$0.00,$45.00,$45.00,$0.00,,,,$0.00,$0.00,$0.00,$0.00,Stripe,No,,Completed,Manual,1,b2701138-be7e-4841-bf32-6f49ffb7c38f
SHA1108,Shaandaar Diwali Cruise,26/10/2024,7:00 pm,Kevin,Ferguson,kevin.ferguson54@example.com,7442054051,07/08/2026 11:03 am,Online,Paid,3,0,$135.00,$0.00,$0.00,$0.00,$5.40,$0.00,$0.00,$0.00,$140.40,$0.00,$0.00,$0.00,$0.00,$135.00,$135.00,$0.00,,,,$0.00,$0.00,$0.00,$0.00,Stripe,No,,Completed,Online,3,47d5efcf-fca8-4956-8c2d-2fae7bfe0f86
SHA1109,Shaandaar Diwali Cruise,26/10/2024,7:00 pm,Katie,Anderson,katie.anderson89@example.com,0167599300,10/07/2026 06:48 pm,Online,Paid,1,0,$45.00,$0.00,$0.00,$0.00,$1.80,$0.00,$0.00,$0.00,$46.80,$0.00,$0.00,$0.00,$0.00,$45.00,$45.00,$0.00,,,,$0.00,$0.00,$0.00,$0.00,Stripe,Yes,,Completed,Online,1,4d9fec20-1414-483d-a0af-0b16dd35585c
SHA1110,Shaandaar Diwali Cruise,26/10/2024,7:00 pm,Joshua,Madden,joshua.madden85@example.com,8067091446,13/08/2026 11:03 am,Online,Paid,1,0,$45.00,$0.00,$0.00,$0.00,$1.80,$0.00,$0.00,$0.00,$46.80,$0.00,$0.00,$0.00,$0.00,$45.00,$45.00,$0.00,,,,$0.00,$0.00,$0.00,$0.00,Stripe,Yes,,Completed,Online,1,0c8cd388-f9ed-49f0-816c-357c41e3d824
SHA1111,Shaandaar Diwali Cruise,26/10/2024,7:00 pm,Corey,Schultz,corey.schultz39@example.com,0046454976,10/07/2026 10:29 pm,Online,Paid,3,0,$135.00,$0.00,$0.00,$0.00,$5.40,$0.00,$0.00,$0.00,$140.40,$0.00,$0.00,$0.00,$0.00,$135.00,$135.00,$0.00,,,,$0.00,$0.00,$0.00,$0.00,Stripe,No,,Completed,Online,3,cf4a612c-8915-4621-b7bf-be6ebb57094f
SHA1112,Shaandaar Diwali Cruise,26/10/2024,7:00 pm,Miranda,Henry,miranda.henry31@example.com,5604899246,27/07/2026 02:19 pm,Online,Paid,1,0,$45.00,$0.00,$0.00,$0.00,$1.80,$0.00,$0.00,$0.00,$46.80,$0.00,$0.00,$0.00,$0.00,$45.00,$45.00,$0.00,,,,$0.00,$0.00,$0.00,$0.00,Stripe,Yes,,Completed,Online,1,1549ae7d-0f7e-4949-ac0b-96b571881c4a
SHA1113,Shaandaar Diwali Cruise,26/10/2024,7:00 pm,Kevin,Dean,kevin.dean30@example.com,7951181216,17/08/2026 02:09 am,Online,Paid,1,0,$45.00,$0.00,$0.00,$0.00,$1.80,$0.00,$0.00,$0.00,$46.80,$0.00,$0.00,$0.00,$0.00,$45.00,$45.00,$0.00,,,,$0.00,$0.00,$0.00,$0.00,Stripe,Yes,,Completed,Online,1,1e149711-accf-4bf3-8e8f-37cb0f542f0a
SHA1114,Shaandaar Diwali Cruise,26/10/2024,7:00 pm,Jenny,Lee,jenny.lee33@example.com,9043150717,24/07/2026 06:23 pm,Online,Paid,1,0,$45.00,$0.00,$0.00,$0.00,$1.80,$0.00,$0.00,$0.00,$46.80,$0.00,$0.00,$0.00,$0.00,$45.00,$45.00,$0.00,,,,$0.00,$0.00,$0.00,$0.00,Stripe,No,,Completed,Online,1,f30c3d58-7b24-48c6-8647-1feeaf0b1215
SHA1115,Shaandaar Diwali Cruise,26/10/2024,7:00 pm,Haley,Anderson,haley.anderson74@example.com,3103231976,10/08/2026 06:18 pm,Online,Paid,1,0,$45.00,$0.00,$0.00,$0.00,$1.80,$0.00,$0.00,$0.00,$46.80,$0.00,$0.00,$0.00,$0.00,$45.00,$45.00,$0.00,,,,$0.00,$0.00,$0.00,$0.00,Stripe,No,,Completed,Online,1,603157f5-f6a1-472e-8eaa-80cf5cba8c83
SHA1116,Shaandaar Diwali Cruise,26/10/2024,7:00 pm,Thomas,Pierce,thomas.pierce6@example.com,4469645892,14/07/2026 07:04 am,Online,Paid,2,0,$90.00,$0.00,$0.00,$0.00,$3.60,$0.00,$0.00,$0.00,$93.60,$0.00,$0.00,$0.00,$0.00,$90.00,$90.00,$0.00,,,,$0.00,$0.00,$0.00,$0.00,Stripe,No,,Completed,Online,2,3a59a3bf-8ad0-4522-aa0e-0c70f10471ef
SHA1117,Shaandaar Diwali Cruise,26/10/2024,7:00 pm,Madeline,Richardson,madeline.richardson92@example.com,1372447929,17/07/2026 03:10 pm,Online,Paid,2,0,$90.00,$0.00,$0.00,$0.00,$3.60,$0.00,$0.00,$0.00,$93.60,$0.00,$0.00,$0.00,$0.00,$90.00,$90.00,$0.00,,,,$0.00,$0.00,$0.00,$0.00,Stripe,Yes,,Completed,Online,2,4422b701-dbf4-437c-b7b3-a95017a21432
SHA1118,Shaandaar Diwali Cruise,26/10/2024,7:00 pm,Justin,Lindsey,justin.lindsey36@example.com,8940094658,15/08/2026 02:40 am,Manual,Paid,1,0,$45.00,$0.00,$0.00,$0.00,$1.80,$0.00,$0.00,$0.00,$46.80,$0.00,$0.00,$0.00,$0.00,$45.00,$45.00,$0.00,,,,$0.00,$0.00,$0.00,$0.00,Stripe,No,,Completed,Manual,1,947d76e9-cba9-4ccf-b871-cefce1c8bda5
SHA1119,Shaandaar Diwali Cruise,26/10/2024,7:00 pm,Catherine,Robertson,catherine.robertson76@example.com,8878073767,16/07/2026 10:34 am,Online,Paid,3,0,$135.00,$0.00,$0.00,$0.00,$5.40,$0.00,$0.00,$0.00,$140.40,$0.00,$0.00,$0.00,$0.00,$135.00,$135.00,$0.00,,,,$0.00,$0.00,$0.00,$0.00,Stripe,No,,Completed,Online,3,73e85d91-34ad-4b44-acdc-166d78535020
SHA1120,Shaandaar Diwali Cruise,26/10/2024,7:00 pm,Cathy,Maxwell,cathy.maxwell10@example.com,3425191871,31/07/2026 02:57 am,Online,Paid,1,0,$45.00,$0.00,$0.00,$0.00,$1.80,$0.00,$0.00,$0.00,$46.80,$0.00,$0.00,$0.00,$0.00,$45.00,$45.00,$0.00,,,,$0.00,$0.00,$0.00,$0.00,Stripe,Yes,,Completed,Online,1,7108c26c-4e7e-4713-b245-1a779257a469
SHA1121,Shaandaar Diwali Cruise,26/10/2024,7:00 pm,Benjamin,Rogers,benjamin.rogers84@example.com,6660919193,27/07/2026 09:10 am,Online,Paid,2,0,$90.00,$0.00,$0.00,$0.00,$3.60,$0.00,$0.00,$0.00,$93.60,$0.00,$0.00,$0.00,$0.00,$90.00,$90.00,$0.00,,,,$0.00,$0.00,$0.00,$0.00,Stripe,No,,Completed,Online,2,57aed6a1-204d-4e14-80cc-5d0ad6aebc0b
SHA1122,Shaandaar Diwali Cruise,26/10/2024,7:00 pm,Gregory,Medina,gregory.medina95@example.com,1769708567,01/08/2026 09:45 pm,Online,Paid,1,0,$45.00,$0.00,$0.00,$0.00,$1.80,$0.00,$0.00,$0.00,$46.80,$0.00,$0.00,$0.00,$0.00,$45.00,$45.00,$0.00,,,,$0.00,$0.00,$0.00,$0.00,Stripe,Yes,,Completed,Online,1,d880c945-5ff0-4a82-a0db-97b406b2496b
SHA1123,Shaandaar Diwali Cruise,26/10/2024,7:00 pm,Robert,Kirby,robert.kirby79@example.com,9670447771,04/08/2026 08:38 pm,Manual,Paid,1,0,$45.00,$0.00,$0.00,$0.00,$1.80,$0.00,$0.00,$0.00,$46.80,$0.00,$0.00,$0.00,$0.00,$45.00,$45.00,$0.00,,,,$0.00,$0.00,$0.00,$0.00,Stripe,Yes,,Completed,Manual,1,d8f26ed8-d88a-44e5-b345-a4b4ce11c831
SHA1124,Shaandaar Diwali Cruise,26/10/2024,7:00 pm,Shelby,Byrd,shelby.byrd20@example.com,2501554494,28/07/2026 03:55 pm,Online,Paid,2,0,$90.00,$0.00,$0.00,$0.00,$3.60,$0.00,$0.00,$0.00,$93.60,$0.00,$0.00,$0.00,$0.00,$90.00,$90.00,$0.00,,,,$0.00,$0.00,$0.00,$0.00,Stripe,Yes,,Completed,Online,2,75528e3f-5219-484c-89c9-424fe0c86d6e
SHA1125,Shaandaar Diwali Cruise,26/10/2024,7:00 pm,Aaron,Garrison,aaron.garrison21@example.com,5637448455,11/08/2026 02:04 am,Online,Paid,1,0,$45.00,$0.00,$0.00,$0.00,$1.80,$0.00,$0.00,$0.00,$46.80,$0.00,$0.00,$0.00,$0.00,$45.00,$45.00,$0.00,,,,$0.00,$0.00,$0.00,$0.00,Stripe,No,,Completed,Online,1,c0b9dbe1-f084-441b-955c-b4e9f136321a
SHA1126,Shaandaar Diwali Cruise,26/10/2024,7:00 pm,James,Elliott,james.elliott19@example.com,3542050953,05/08/2026 03:50 pm,Online,Refunded,0,2,$0.00,$0.00,$0.00,$0.00,$0.00,$0.00,$0.00,$0.00,$0.00,$0.00,$0.00,$0.00,$0.00,$0.00,$0.00,$0.00,,,,$0.00,$0.00,$0.00,$0.00,Stripe,Yes,,Completed,Online,2,785bb210-bbd5-4528-adb4-87e4786d806f
SHA1127,Shaandaar Diwali Cruise,26/10/2024,7:00 pm,Julie,Wilson,julie.wilson86@example.com,7695887089,15/07/2026 12:11 pm,Online,Paid,1,0,$45.00,$0.00,$0.00,$0.00,$1.80,$0.00,$0.00,$0.00,$46.80,$0.00,$0.00,$0.00,$0.00,$45.00,$45.00,$0.00,,,,$0.00,$0.00,$0.00,$0.00,Stripe,No,,Completed,Online,1,3c18ebd9-05d9-4c40-a730-723ad120c9c5
SHA1128,Shaandaar Diwali Cruise,26/10/2024,7:00 pm,Thomas,Pierce,thomas.pierce6@example.com,9802764482,26/07/2026 09:20 am,Online,Paid,2,0,$90.00,$0.00,$0.00,$0.00,$3.60,$0.00,$0.00,$0.00,$93.60,$0.00,$0.00,$0.00,$0.00,$90.00,$90.00,$0.00,,,,$0.00,$0.00,$0.00,$0.00,Stripe,No,,Completed,Online,2,0e7f7e9c-0bd2-4aac-9c40-784ab1248af3
SHA1129,Shaandaar Diwali Cruise,26/10/2024,7:00 pm,Lisa,Pierce,lisa.pierce73@example.com,1653777842,16/08/2026 08:50 pm,Online,Paid,1,0,$45.00,$0.00,$0.00,$0.00,$1.80,$0.00,$0.00,$0.00,$46.80,$0.00,$0.00,$0.00,$0.00,$45.00,$45.00,$0.00,,,,$0.00,$0.00,$0.00,$0.00,Stripe,Yes,,Completed,Online,1,9072c5c8-49b5-4f7c-be66-6c5a6b8a0a4c
SHA1130,Shaandaar Diwali Cruise,26/10/2024,7:00 pm,Charles,Brown,charles.brown97@example.com,6369507259,18/08/2026 05:06 am,Online,Paid,1,0,$45.00,$0.00,$0.00,$0.00,$1.80,$0.00,$0.00,$0.00,$46.80,$0.00,$0.00,$0.00,$0.00,$45.00,$45.00,$0.00,,,,$0.00,$0.00,$0.00,$0.00,Stripe,Yes,,Completed,Online,1,12eee585-9b3f-457d-a360-e30b195f2ccf
SHA1131,Shaandaar Diwali Cruise,26/10/2024,7:00 pm,Chad,Reyes,chad.reyes64@example.com,8079823070,24/07/2026 12:10 am,Manual,Paid,3,0,$135.00,$0.00,$0.00,$0.00,$5.40,$0.00,$0.00,$0.00,$140.40,$0.00,$0.00,$0.00,$0.00,$135.00,$135.00,$0.00,,,,$0.00,$0.00,$0.00,$0.00,Stripe,No,,Completed,Manual,3,d997783d-c114-4180-b73b-f9893259656e
SHA1132,Shaandaar Diwali Cruise,26/10/2024,7:00 pm,Katherine,Thompson,katherine.thompson93@example.com,2374326924,08/08/2026 03:22 pm,Online,Paid,2,0,$90.00,$0.00,$0.00,$0.00,$3.60,$0.00,$0.00,$0.00,$93.60,$0.00,$0.00,$0.00,$0.00,$90.00,$90.00,$0.00,,,,$0.00,$0.00,$0.00,$0.00,Stripe,Yes,,Completed,Online,2,b25b30a8-171d-4b42-80f7-c7e28d5d0674
SHA1133,Shaandaar Diwali Cruise,26/10/2024,7:00 pm,Elizabeth,Duran,elizabeth.duran8@example.com,9911294640,25/07/2026 04:52 am,Online,Paid,3,0,$135.00,$0.00,$0.00,$0.00,$5.40,$0.00,$0.00,$0.00,$140.40,$0.00,$0.00,$0.00,$0.00,$135.00,$135.00,$0.00,,,,$0.00,$0.00,$0.00,$0.00,Stripe,Yes,,Completed,Online,3,764f4d67-8da4-4e46-a7db-48c78adab2f2
SHA1134,Shaandaar Diwali Cruise,26/10/2024,7:00 pm,Carla,Chambers,carla.chambers36@example.com,4659511203,18/08/2026 03:43 am,Online,Paid,2,0,$90.00,$0.00,$0.00,$0.00,$3.60,$0.00,$0.00,$0.00,$93.60,$0.00,$0.00,$0.00,$0.00,$90.00,$90.00,$0.00,,,,$0.00,$0.00,$0.00,$0.00,Stripe,No,,Completed,Online,2,f3b99598-9a4d-427c-9e10-82b0fe26bcbe
SHA1135,Shaandaar Diwali Cruise,26/10/2024,7:00 pm,Andre,Li,andre.li11@example.com,6942394383,25/07/2026 09:57 am,Online,Paid,1,0,$45.00,$0.00,$0.00,$0.00,$1.80,$0.00,$0.00,$0.00,$46.80,$0.00,$0.00,$0.00,$0.00,$45.00,$45.00,$0.00,,,,$0.00,$0.00,$0.00,$0.00,Stripe,Yes,,Completed,Online,1,803b931f-87a7-4a41-a8b5-6073e2f93114
SHA1136,Shaandaar Diwali Cruise,26/10/2024,7:00 pm,Joseph,Anderson,joseph.anderson39@example.com,7734850302,22/07/2026 02:31 am,Online,Paid,1,0,$45.00,$0.00,$0.00,$0.00,$1.80,$0.00,$0.00,$0.00,$46.80,$0.00,$0.00,$0.00,$0.00,$45.00,$45.00,$0.00,,,,$0.00,$0.00,$0.00,$0.00,Stripe,Yes,,Completed,Online,1,fed5622b-144e-43da-8afa-d670af0c7fa7
SHA1137,Shaandaar Diwali Cruise,26/10/2024,7:00 pm,John,Weber,john.weber33@example.com,1625055326,28/07/2026 02:42 am,Online,Paid,2,0,$90.00,$0.00,$0.00,$0.00,$3.60,$0.00,$0.00,$0.00,$93.60,$0.00,$0.00,$0.00,$0.00,$90.00,$90.00,$0.00,,,,$0.00,$0.00,$0.00,$0.00,Stripe,No,,Completed,Online,2,d786cfdd-dca6-46b3-8725-d0b2254bee9b
SHA1138,Shaandaar Diwali Cruise,26/10/2024,7:00 pm,Lisa,Villarreal,lisa.villarreal76@example.com,8372687793,04/08/2026 10:32 pm,Online,Paid,4,0,$180.00,$0.00,$0.00,$0.00,$7.20,$0.00,$0.00,$0.00,$187.20,$0.00,$0.00,$0.00,$0.00,$180.00,$180.00,$0.00,,,,$0.00,$0.00,$0.00,$0.00,Stripe,No,,Completed,Online,4,9832046d-dc51-4c9d-84b5-edafd5057178
SHA1139,Shaandaar Diwali Cruise,26/10/2024,7:00 pm,James,Lawson,james.lawson32@example.com,8672877478,13/07/2026 11:59 am,Manual,Paid,3,0,$135.00,$0.00,$0.00,$0.00,$5.40,$0.00,$0.00,$0.00,$140.40,$0.00,$0.00,$0.00,$0.00,$135.00,$135.00,$0.00,,,,$0.00,$0.00,$0.00,$0.00,Stripe,Yes,,Completed,Manual,3,716fe3f5-049c-4f46-8b68-8cf10d50798c
SHA1140,Shaandaar Diwali Cruise,26/10/2024,7:00 pm,Jill,Stewart,jill.stewart26@example.com,9696524157,25/07/2026 04:55 am,Online,Paid,1,0,$45.00,$0.00,$0.00,$0.00,$1.80,$0.00,$0.00,$0.00,$46.80,$0.00,$0.00,$0.00,$0.00,$45.00,$45.00,$0.00,,,,$0.00,$0.00,$0.00,$0.00,Stripe,No,,Completed,Online,1,492114a3-04ac-410e-a406-96b40cd99e6f
SHA1141,Shaandaar Diwali Cruise,26/10/2024,7:00 pm,Kenneth,Kidd,kenneth.kidd54@example.com,0719129433,11/07/2026 04:42 am,Online,Paid,2,0,$90.00,$0.00,$0.00,$0.00,$3.60,$0.00,$0.00,$0.00,$93.60,$0.00,$0.00,$0.00,$0.00,$90.00,$90.00,$0.00,,,,$0.00,$0.00,$0.00,$0.00,Stripe,Yes,,Completed,Online,2,8773ae8a-7013-4762-9d4a-2b4a6c1e07e2
SHA1142,Shaandaar Diwali Cruise,26/10/2024,7:00 pm,John,Davenport,john.davenport26@example.com,9635501935,15/08/2026 09:53 am,Online,Paid,1,0,$45.00,$0.00,$0.00,$0.00,$1.80,$0.00,$0.00,$0.00,$46.80,$0.00,$0.00,$0.00,$0.00,$45.00,$45.00,$0.00,,,,$0.00,$0.00,$0.00,$0.00,Stripe,No,,Completed,Online,1,b8227841-1d22-4845-a1db-bf3407c50cba
SHA1143,Shaandaar Diwali Cruise,26/10/2024,7:00 pm,Travis,Martinez,travis.martinez87@example.com,5673137001,23/07/2026 12:25 am,Online,Paid,1,0,$45.00,$0.00,$0.00,$0.00,$1.80,$0.00,$0.00,$0.00,$46.80,$0.00,$0.00,$0.00,$0.00,$45.00,$45.00,$0.00,,,,$0.00,$0.00,$0.00,$0.00,Stripe,No,,Completed,Online,1,f37a8ed7-e7ba-4e10-979f-5e2a30c869a7
SHA1144,Shaandaar Diwali Cruise,26/10/2024,7:00 pm,Scott,Riley,scott.riley34@example.com,0730217373,27/07/2026 11:57 pm,Online,Paid,3,0,$135.00,$0.00,$0.00,$0.00,$5.40,$0.00,$0.00,$0.00,$140.40,$0.00,$0.00,$0.00,$0.00,$135.00,$135.00,$0.00,,,,$0.00,$0.00,$0.00,$0.00,Stripe,No,,Completed,Online,3,0b568722-a8b1-412f-a234-ce94cfb05d99
SHA1145,Shaandaar Diwali Cruise,26/10/2024,7:00 pm,Michelle,Wright,michelle.wright65@example.com,1492621892,13/07/2026 03:54 pm,Online,Paid,1,0,$45.00,$0.00,$0.00,$0.00,$1.80,$0.00,$0.00,$0.00,$46.80,$0.00,$0.00,$0.00,$0.00,$45.00,$45.00,$0.00,,,,$0.00,$0.00,$0.00,$0.00,Stripe,No,,Completed,Online,1,13ccea68-6a7a-4974-8005-a7cbfb9a7406
SHA1146,Shaandaar Diwali Cruise,26/10/2024,7:00 pm,Joseph,Wright,joseph.wright17@example.com,5496602514,18/07/2026 01:10 pm,Manual,Refunded,0,1,$0.00,$0.00,$0.00,$0.00,$0.00,$0.00,$0.00,$0.00,$0.00,$0.00,$0.00,$0.00,$0.00,$0.00,$0.00,$0.00,,,,$0.00,$0.00,$0.00,$0.00,Stripe,No,,Completed,Manual,1,46d8e4b7-d5a4-4119-8a9a-e42fb8cc4959
SHA1147,Shaandaar Diwali Cruise,26/10/2024,7:00 pm,Jamie,Aguilar,jamie.aguilar43@example.com,1800450153,11/08/2026 05:26 pm,Online,Paid,1,0,$45.00,$0.00,$0.00,$0.00,$1.80,$0.00,$0.00,$0.00,$46.80,$0.00,$0.00,$0.00,$0.00,$45.00,$45.00,$0.00,,,,$0.00,$0.00,$0.00,$0.00,Stripe,Yes,,Completed,Online,1,f78db887-9c7a-4004-93f6-5d85f1982abd
SHA1148,Shaandaar Diwali Cruise,26/10/2024,7:00 pm,Laura,Kelly,laura.kelly23@example.com,0276934779,14/08/2026 10:48 pm,Online,Paid,2,0,$90.00,$0.00,$0.00,$0.00,$3.60,$0.00,$0.00,$0.00,$93.60,$0.00,$0.00,$0.00,$0.00,$90.00,$90.00,$0.00,,,,$0.00,$0.00,$0.00,$0.00,Stripe,No,,Completed,Online,2,e9ab2565-41b5-46f9-93cc-3391d8ebb11d
SHA1149,Shaandaar Diwali Cruise,26/10/2024,7:00 pm,Elizabeth,Mcmillan,elizabeth.mcmillan75@example.com,6257504224,30/07/2026 12:04 am,Online,Paid,1,0,$45.00,$0.00,$0.00,$0.00,$1.80,$0.00,$0.00,$0.00,$46.80,$0.00,$0.00,$0.00,$0.00,$45.00,$45.00,$0.00,,,,$0.00,$0.00,$0.00,$0.00,Stripe,No,,Completed,Online,1,437195e7-e071-4459-9735-af576304aba6
SHA1150,Shaandaar Diwali Cruise,26/10/2024,7:00 pm,Tracy,Russell,tracy.russell53@example.com,1754182771,05/08/2026 06:18 am,Online,Paid,1,0,$45.00,$0.00,$0.00,$0.00,$1.80,$0.00,$0.00,$0.00,$46.80,$0.00,$0.00,$0.00,$0.00,$45.00,$45.00,$0.00,,,,$0.00,$0.00,$0.00,$0.00,Stripe,No,,Completed,Online,1,18ddfdb6-c9ea-4200-93cc-60be8ede02cf
SHA1151,Shaandaar Diwali Cruise,26/10/2024,7:00 pm,Casey,Hubbard,casey.hubbard86@example.com,8019755708,25/07/2026 08:00 am,Online,Paid,3,0,$135.00,$0.00,$0.00,$0.00,$5.40,$0.00,$0.00,$0.00,$140.40,$0.00,$0.00,$0.00,$0.00,$135.00,$135.00,$0.00,,,,$0.00,$0.00,$0.00,$0.00,Stripe,Yes,,Completed,Online,3,d9abcec0-61a4-418d-8c64-1217bceeacdd
SHA1152,Shaandaar Diwali Cruise,26/10/2024,7:00 pm,Patrick,Gilbert,patrick.gilbert86@example.com,4441442942,16/08/2026 06:00 pm,Online,Paid,1,0,$45.00,$0.00,$0.00,$0.00,$1.80,$0.00,$0.00,$0.00,$46.80,$0.00,$0.00,$0.00,$0.00,$45.00,$45.00,$0.00,,,,$0.00,$0.00,$0.00,$0.00,Stripe,Yes,,Completed,Online,1,b331bd46-0f82-4110-89ef-ff8187b05c54
SHA1153,Shaandaar Diwali Cruise,26/10/2024,7:00 pm,Manuel,Brewer,manuel.brewer44@example.com,1513786268,23/07/2026 10:10 pm,Online,Paid,1,0,$45.00,$0.00,$0.00,$0.00,$1.80,$0.00,$0.00,$0.00,$46.80,$0.00,$0.00,$0.00,$0.00,$45.00,$45.00,$0.00,,,,$0.00,$0.00,$0.00,$0.00,Stripe,No,,Completed,Online,1,4139b191-249a-4ec1-8b16-a3b70b0212b7
SHA1154,Shaandaar Diwali Cruise,26/10/2024,7:00 pm,Cole,Hernandez,cole.hernandez23@example.com,4207681700,12/07/2026 08:33 pm,Online,Paid,1,0,$45.00,$0.00,$0.00,$0.00,$1.80,$0.00,$0.00,$0.00,$46.80,$0.00,$0.00,$0.00,$0.00,$45.00,$45.00,$0.00,,,,$0.00,$0.00,$0.00,$0.00,Stripe,No,,Completed,Online,1,6d0a2041-384f-416b-83c1-fffde6d41850
SHA1155,Shaandaar Diwali Cruise,26/10/2024,7:00 pm,William,Williams,william.williams32@example.com,2397661054,24/07/2026 10:43 am,Online,Paid,1,0,$45.00,$0.00,$0.00,$0.00,$1.80,$0.00,$0.00,$0.00,$46.80,$0.00,$0.00,$0.00,$0.00,$45.00,$45.00,$0.00,,,,$0.00,$0.00,$0.00,$0.00,Stripe,No,,Completed,Online,1,cbe9a2ee-077f-4307-89aa-8df1528bd2de
SHA1156,Shaandaar Diwali Cruise,26/10/2024,7:00 pm,Todd,Hardy,todd.hardy71@example.com,1751800778,29/07/2026 04:29 pm,Manual,Paid,1,0,$45.00,$0.00,$0.00,$0.00,$1.80,$0.00,$0.00,$0.00,$46.80,$0.00,$0.00,$0.00,$0.00,$45.00,$45.00,$0.00,,,,$0.00,$0.00,$0.00,$0.00,Stripe,Yes,,Completed,Manual,1,5cd2abe0-5e23-4bc6-b952-bb7f48b0d7b7
SHA1157,Shaandaar Diwali Cruise,26/10/2024,7:00 pm,Daniel,Bruce,daniel.bruce66@example.com,8677066721,28/07/2026 05:08 am,Online,Paid,3,0,$135.00,$0.00,$0.00,$0.00,$5.40,$0.00,$0.00,$0.00,$140.40,$0.00,$0.00,$0.00,$0.00,$135.00,$135.00,$0.00,,,,$0.00,$0.00,$0.00,$0.00,Stripe,Yes,,Completed,Online,3,4ca50346-3b88-4285-827d-39738da0b992
SHA1158,Shaandaar Diwali Cruise,26/10/2024,7:00 pm,Jeremy,Frazier,jeremy.frazier50@example.com,4309215272,02/08/2026 06:29 am,Online,Paid,1,0,$45.00,$0.00,$0.00,$0.00,$1.80,$0.00,$0.00,$0.00,$46.80,$0.00,$0.00,$0.00,$0.00,$45.00,$45.00,$0.00,,,,$0.00,$0.00,$0.00,$0.00,Stripe,No,,Completed,Online,1,6c3e3ca5-323f-4791-b8d8-22a788e478d0
SHA1159,Shaandaar Diwali Cruise,26/10/2024,7:00 pm,Jessica,Flores,jessica.flores17@example.com,4089120599,16/08/2026 02:30 pm,Online,Paid,2,0,$90.00,$0.00,$0.00,$0.00,$3.60,$0.00,$0.00,$0.00,$93.60,$0.00,$0.00,$0.00,$0.00,$90.00,$90.00,$0.00,,,,$0.00,$0.00,$0.00,$0.00,Stripe,No,,Completed,Online,2,641dd524-c5f3-4556-a0d5-6b22a0c7e3f5
SHA1160,Shaandaar Diwali Cruise,26/10/2024,7:00 pm,Brianna,Bell,brianna.bell71@example.com,1225620836,02/08/2026 10:53 am,Online,Paid,4,0,$180.00,$0.00,$0.00,$0.00,$7.20,$0.00,$0.00,$0.00,$187.20,$0.00,$0.00,$0.00,$0.00,$180.00,$180.00,$0.00,,,,$0.00,$0.00,$0.00,$0.00,Stripe,No,,Completed,Online,4,5b90aa65-2612-4304-89ce-25448a2ae585
SHA1161,Shaandaar Diwali Cruise,26/10/2024,7:00 pm,Linda,Melendez,linda.melendez61@example.com,1620637035,29/07/2026 01:17 pm,Manual,Paid,3,0,$135.00,$0.00,$0.00,$0.00,$5.40,$0.00,$0.00,$0.00,$140.40,$0.00,$0.00,$0.00,$0.00,$135.00,$135.00,$0.00,,,,$0.00,$0.00,$0.00,$0.00,Stripe,No,,Completed,Manual,3,1b092f5f-9f6c-4bb9-a204-46fae28f3fc4
SHA1162,Shaandaar Diwali Cruise,26/10/2024,7:00 pm,Kimberly,Bradley,kimberly.bradley86@example.com,7616629658,22/07/2026 07:29 pm,Online,Paid,3,0,$135.00,$0.00,$0.00,$0.00,$5.40,$0.00,$0.00,$0.00,$140.40,$0.00,$0.00,$0.00,$0.00,$135.00,$135.00,$0.00,,,,$0.00,$0.00,$0.00,$0.00,Stripe,No,,Completed,Online,3,21fc2591-0de9-4f88-bca3-d7d8db1b0188
SHA1163,Shaandaar Diwali Cruise,26/10/2024,7:00 pm,Stacey,Joyce,stacey.joyce7@example.com,6873209225,09/08/2026 08:24 pm,Online,Refunded,0,1,$0.00,$0.00,$0.00,$0.00,$0.00,$0.00,$0.00,$0.00,$0.00,$0.00,$0.00,$0.00,$0.00,$0.00,$0.00,$0.00,,,,$0.00,$0.00,$0.00,$0.00,Stripe,Yes,,Completed,Online,1,f1fb17e1-fe81-4d3f-8cb1-42a4ce193683
SHA1164,Shaandaar Diwali Cruise,26/10/2024,7:00 pm,James,Johnson,james.johnson40@example.com,9409787387,15/08/2026 01:02 am,Online,Paid,2,0,$90.00,$0.00,$0.00,$0.00,$3.60,$0.00,$0.00,$0.00,$93.60,$0.00,$0.00,$0.00,$0.00,$90.00,$90.00,$0.00,,,,$0.00,$0.00,$0.00,$0.00,Stripe,Yes,,Completed,Online,2,e45c5952-499a-4d8a-a386-fd96a2d0d985
SHA1165,Shaandaar Diwali Cruise,26/10/2024,7:00 pm,Joshua,Martinez,joshua.martinez79@example.com,0066584843,14/07/2026 11:34 pm,Online,Paid,2,0,$90.00,$0.00,$0.00,$0.00,$3.60,$0.00,$0.00,$0.00,$93.60,$0.00,$0.00,$0.00,$0.00,$90.00,$90.00,$0.00,,,,$0.00,$0.00,$0.00,$0.00,Stripe,No,,Completed,Online,2,6e3b7ea1-46d2-4efb-817d-252dc1a7db2d
SHA1166,Shaandaar Diwali Cruise,26/10/2024,7:00 pm,Lori,Flynn,lori.flynn24@example.com,6089706493,12/07/2026 07:49 pm,Online,Paid,2,0,$90.00,$0.00,$0.00,$0.00,$3.60,$0.00,$0.00,$0.00,$93.60,$0.00,$0.00,$0.00,$0.00,$90.00,$90.00,$0.00,,,,$0.00,$0.00,$0.00,$0.00,Stripe,No,,Completed,Online,2,485bf46b-48dd-40fe-815c-4f73cbfb3a8f
SHA1167,Shaandaar Diwali Cruise,26/10/2024,7:00 pm,Angela,Smith,angela.smith75@example.com,5830470278,28/07/2026 03:22 pm,Online,Paid,1,0,$45.00,$0.00,$0.00,$0.00,$1.80,$0.00,$0.00,$0.00,$46.80,$0.00,$0.00,$0.00,$0.00,$45.00,$45.00,$0.00,,,,$0.00,$0.00,$0.00,$0.00,Stripe,No,,Completed,Online,1,434c7405-6cea-4a26-b498-0cd9d9487c4d
SHA1168,Shaandaar Diwali Cruise,26/10/2024,7:00 pm,Thomas,Santana,thomas.santana77@example.com,0050198575,24/07/2026 06:34 pm,Online,Paid,2,0,$90.00,$0.00,$0.00,$0.00,$3.60,$0.00,$0.00,$0.00,$93.60,$0.00,$0.00,$0.00,$0.00,$90.00,$90.00,$0.00,,,,$0.00,$0.00,$0.00,$0.00,Stripe,No,,Completed,Online,2,c65934a8-8208-4899-8ac8-1be9e724aae0
SHA1169,Shaandaar Diwali Cruise,26/10/2024,7:00 pm,Stephanie,Smith,stephanie.smith60@example.com,2740628285,10/07/2026 10:02 am,Online,Paid,2,0,$90.00,$0.00,$0.00,$0.00,$3.60,$0.00,$0.00,$0.00,$93.60,$0.00,$0.00,$0.00,$0.00,$90.00,$90.00,$0.00,,,,$0.00,$0.00,$0.00,$0.00,Stripe,No,,Completed,Online,2,2f0c7e2d-3944-4fc4-9092-6491582f78cc
SHA1170,Shaandaar Diwali Cruise,26/10/2024,7:00 pm,Jeremy,Whitehead,jeremy.whitehead82@example.com,8515501352,10/07/2026 10:07 pm,Online,Paid,1,0,$45.00,$0.00,$0.00,$0.00,$1.80,$0.00,$0.00,$0.00,$46.80,$0.00,$0.00,$0.00,$0.00,$45.00,$45.00,$0.00,,,,$0.00,$0.00,$0.00,$0.00,Stripe,No,,Completed,Online,1,8d8815b0-700e-4602-8d0c-b7121784dc41
SHA1171,Shaandaar Diwali Cruise,26/10/2024,7:00 pm,Richard,Cunningham,richard.cunningham1@example.com,0513918418,30/07/2026 07:18 am,Online,Paid,1,0,$45.00,$0.00,$0.00,$0.00,$1.80,$0.00,$0.00,$0.00,$46.80,$0.00,$0.00,$0.00,$0.00,$45.00,$45.00,$0.00,,,,$0.00,$0.00,$0.00,$0.00,Stripe,No,,Completed,Online,1,208e932c-1a11-4f3b-8a1c-3baad25c1f82
SHA1172,Shaandaar Diwali Cruise,26/10/2024,7:00 pm,Kenneth,Roberts,kenneth.roberts94@example.com,7404515699,11/07/2026 06:27 am,Online,Paid,2,0,$90.00,$0.00,$0.00,$0.00,$3.60,$0.00,$0.00,$0.00,$93.60,$0.00,$0.00,$0.00,$0.00,$90.00,$90.00,$0.00,,,,$0.00,$0.00,$0.00,$0.00,Stripe,Yes,,Completed,Online,2,9ffddb82-b33d-43d7-a83c-0535790adb43
SHA1173,Shaandaar Diwali Cruise,26/10/2024,7:00 pm,Stacey,Joyce,stacey.joyce7@example.com,8994738793,16/07/2026 01:54 am,Manual,Paid,1,0,$45.00,$0.00,$0.00,$0.00,$1.80,$0.00,$0.00,$0.00,$46.80,$0.00,$0.00,$0.00,$0.00,$45.00,$45.00,$0.00,,,,$0.00,$0.00,$0.00,$0.00,Stripe,No,,Completed,Manual,1,d9cc21d2-2d9c-40cd-9ea0-3d42aca4825c
SHA1174,Shaandaar Diwali Cruise,26/10/2024,7:00 pm,Grant,Williams,grant.williams29@example.com,6056360712,18/07/2026 08:26 am,Online,Paid,1,0,$45.00,$0.00,$0.00,$0.00,$1.80,$0.00,$0.00,$0.00,$46.80,$0.00,$0.00,$0.00,$0.00,$45.00,$45.00,$0.00,,,,$0.00,$0.00,$0.00,$0.00,Stripe,No,,Completed,Online,1,d866c592-9c18-4e3a-b486-e25d7a2893ba
SHA1175,Shaandaar Diwali Cruise,26/10/2024,7:00 pm,Matthew,Smith,matthew.smith1@example.com,2581936694,21/07/2026 11:52 pm,Online,Paid,1,0,$45.00,$0.00,$0.00,$0.00,$1.80,$0.00,$0.00,$0.00,$46.80,$0.00,$0.00,$0.00,$0.00,$45.00,$45.00,$0.00,,,,$0.00,$0.00,$0.00,$0.00,Stripe,No,,Completed,Online,1,5995f4ff-6d72-42dd-b7c9-ad163522cd56
SHA1176,Shaandaar Diwali Cruise,26/10/2024,7:00 pm,Debra,Mack,debra.mack52@example.com,1459456815,05/08/2026 08:24 pm,Online,Paid,2,0,$90.00,$0.00,$0.00,$0.00,$3.60,$0.00,$0.00,$0.00,$93.60,$0.00,$0.00,$0.00,$0.00,$90.00,$90.00,$0.00,,,,$0.00,$0.00,$0.00,$0.00,Stripe,No,,Completed,Online,2,ea889978-1bde-4063-be02-fb7351d242ba
SHA1177,Shaandaar Diwali Cruise,26/10/2024,7:00 pm,James,Morton,james.morton81@example.com,1879897633,21/07/2026 08:34 pm,Online,Paid,1,0,$45.00,$0.00,$0.00,$0.00,$1.80,$0.00,$0.00,$0.00,$46.80,$0.00,$0.00,$0.00,$0.00,$45.00,$45.00,$0.00,,,,$0.00,$0.00,$0.00,$0.00,Stripe,No,,Completed,Online,1,cf79a245-27d8-4983-87fc-23f50201765b
SHA1178,Shaandaar Diwali Cruise,26/10/2024,7:00 pm,Timothy,Booth,timothy.booth63@example.com,3883196025,11/08/2026 01:43 pm,Online,Paid,3,0,$135.00,$0.00,$0.00,$0.00,$5.40,$0.00,$0.00,$0.00,$140.40,$0.00,$0.00,$0.00,$0.00,$135.00,$135.00,$0.00,,,,$0.00,$0.00,$0.00,$0.00,Stripe,No,,Completed,Online,3,0179fea4-422d-4d4a-8422-b68b7ee385c2
SHA1179,Shaandaar Diwali Cruise,26/10/2024,7:00 pm,Gregory,Anderson,gregory.anderson57@example.com,3866684707,11/07/2026 08:30 am,Online,Paid,1,0,$45.00,$0.00,$0.00,$0.00,$1.80,$0.00,$0.00,$0.00,$46.80,$0.00,$0.00,$0.00,$0.00,$45.00,$45.00,$0.00,,,,$0.00,$0.00,$0.00,$0.00,Stripe,Yes,,Completed,Online,1,5081a400-76cf-45b6-a902-5bdabcfc1f9f
SHA1180,Shaandaar Diwali Cruise,26/10/2024,7:00 pm,Michael,Williams,michael.williams22@example.com,6368053738,28/07/2026 11:56 pm,Online,Paid,1,0,$45.00,$0.00,$0.00,$0.00,$1.80,$0.00,$0.00,$0.00,$46.80,$0.00,$0.00,$0.00,$0.00,$45.00,$45.00,$0.00,,,,$0.00,$0.00,$0.00,$0.00,Stripe,No,,Completed,Online,1,3384f2f9-25b1-4f6d-b60a-5f9ef9e1c6cb
SHA1181,Shaandaar Diwali Cruise,26/10/2024,7:00 pm,Robert,Davis,robert.davis4@example.com,9701998247,17/07/2026 07:33 pm,Online,Paid,3,0,$135.00,$0.00,$0.00,$0.00,$5.40,$0.00,$0.00,$0.00,$140.40,$0.00,$0.00,$0.00,$0.00,$135.00,$135.00,$0.00,,,,$0.00,$0.00,$0.00,$0.00,Stripe,No,,Completed,Online,3,b140e1a0-860d-4517-996a-202c5ca7e998
SHA1182,Shaandaar Diwali Cruise,26/10/2024,7:00 pm,Amy,Morris,amy.morris3@example.com,1098636782,15/08/2026 08:59 am,Manual,Paid,2,0,$90.00,$0.00,$0.00,$0.00,$3.60,$0.00,$0.00,$0.00,$93.60,$0.00,$0.00,$0.00,$0.00,$90.00,$90.00,$0.00,,,,$0.00,$0.00,$0.00,$0.00,Stripe,Yes,,Completed,Manual,2,63200305-92f0-4e50-b28b-07f78b609d1e
SHA1183,Shaandaar Diwali Cruise,26/10/2024,7:00 pm,Karen,Stokes,karen.stokes97@example.com,6881279042,10/07/2026 08:21 pm,Online,Paid,1,0,$45.00,$0.00,$0.00,$0.00,$1.80,$0.00,$0.00,$0.00,$46.80,$0.00,$0.00,$0.00,$0.00,$45.00,$45.00,$0.00,,,,$0.00,$0.00,$0.00,$0.00,Stripe,Yes,,Completed,Online,1,529105b7-609f-4e4f-8429-9108ac072eea
SHA1184,Shaandaar Diwali Cruise,26/10/2024,7:00 pm,Jeanette,Gonzales,jeanette.gonzales57@example.com,6817922419,30/07/2026 01:09 am,Online,Paid,2,0,$90.00,$0.00,$0.00,$0.00,$3.60,$0.00,$0.00,$0.00,$93.60,$0.00,$0.00,$0.00,$0.00,$90.00,$90.00,$0.00,,,,$0.00,$0.00,$0.00,$0.00,Stripe,Yes,,Completed,Online,2,1f91535e-3789-402a-8225-b8b1715fa66c
SHA1185,Shaandaar Diwali Cruise,26/10/2024,7:00 pm,Amanda,Ball,amanda.ball23@example.com,8348098544,12/07/2026 12:27 am,Manual,Paid,2,0,$90.00,$0.00,$0.00,$0.00,$3.60,$0.00,$0.00,$0.00,$93.60,$0.00,$0.00,$0.00,$0.00,$90.00,$90.00,$0.00,,,,$0.00,$0.00,$0.00,$0.00,Stripe,No,,Completed,Manual,2,d1e6a553-f1b2-4a7e-8b66-0f7192d1e32e
SHA1186,Shaandaar Diwali Cruise,26/10/2024,7:00 pm,Jacqueline,Hill,jacqueline.hill94@example.com,8334658672,10/08/2026 01:03 pm,Online,Paid,2,0,$90.00,$0.00,$0.00,$0.00,$3.60,$0.00,$0.00,$0.00,$93.60,$0.00,$0.00,$0.00,$0.00,$90.00,$90.00,$0.00,,,,$0.00,$0.00,$0.00,$0.00,Stripe,No,,Completed,Online,2,ab82e954-11fb-4702-b76f-e94b1996e732
SHA1187,Shaandaar Diwali Cruise,26/10/2024,7:00 pm,Troy,Sanchez,troy.sanchez11@example.com,6664059974,18/08/2026 05:54 am,Online,Paid,3,0,$135.00,$0.00,$0.00,$0.00,$5.40,$0.00,$0.00,$0.00,$140.40,$0.00,$0.00,$0.00,$0.00,$135.00,$135.00,$0.00,,,,$0.00,$0.00,$0.00,$0.00,Stripe,No,,Completed,Online,3,02348a82-8e47-4fe3-b98c-6d6d7faacc9f
SHA1188,Shaandaar Diwali Cruise,26/10/2024,7:00 pm,Sharon,Wood,sharon.wood85@example.com,7825371268,12/08/2026 05:47 am,Online,Refunded,0,2,$0.00,$0.00,$0.00,$0.00,$0.00,$0.00,$0.00,$0.00,$0.00,$0.00,$0.00,$0.00,$0.00,$0.00,$0.00,$0.00,,,,$0.00,$0.00,$0.00,$0.00,Stripe,No,,Completed,Online,2,148e40d9-e534-4d25-be32-3af0498e8829
SHA1189,Shaandaar Diwali Cruise,26/10/2024,7:00 pm,John,Caldwell,john.caldwell21@example.com,7813731421,23/07/2026 10:05 am,Online,Refunded,0,1,$0.00,$0.00,$0.00,$0.00,$0.00,$0.00,$0.00,$0.00,$0.00,$0.00,$0.00,$0.00,$0.00,$0.00,$0.00,$0.00,,,,$0.00,$0.00,$0.00,$0.00,Stripe,Yes,,Completed,Online,1,7b005430-4525-4f32-a334-dd39fb7078bd
SHA1190,Shaandaar Diwali Cruise,26/10/2024,7:00 pm,Erica,Le,erica.le43@example.com,4331782730,02/08/2026 01:59 pm,Manual,Paid,3,0,$135.00,$0.00,$0.00,$0.00,$5.40,$0.00,$0.00,$0.00,$140.40,$0.00,$0.00,$0.00,$0.00,$135.00,$135.00,$0.00,,,,$0.00,$0.00,$0.00,$0.00,Stripe,Yes,,Completed,Manual,3,0832dc92-2286-4878-af48-867368939da2
SHA1191,Shaandaar Diwali Cruise,26/10/2024,7:00 pm,Kyle,Dixon,kyle.dixon31@example.com,7846401577,30/07/2026 11:54 pm,Online,Paid,3,0,$135.00,$0.00,$0.00,$0.00,$5.40,$0.00,$0.00,$0.00,$140.40,$0.00,$0.00,$0.00,$0.00,$135.00,$135.00,$0.00,,,,$0.00,$0.00,$0.00,$0.00,Stripe,No,,Completed,Online,3,9d4d311c-9992-466f-9de9-8057238fe648
SHA1192,Shaandaar Diwali Cruise,26/10/2024,7:00 pm,Shannon,Schultz,shannon.schultz39@example.com,6525542458,06/08/2026 03:06 pm,Online,Paid,1,0,$45.00,$0.00,$0.00,$0.00,$1.80,$0.00,$0.00,$0.00,$46.80,$0.00,$0.00,$0.00,$0.00,$45.00,$45.00,$0.00,,,,$0.00,$0.00,$0.00,$0.00,Stripe,No,,Completed,Online,1,9292e2ab-2dbc-4f4f-9c31-a30f2cad93ec
SHA1193,Shaandaar Diwali Cruise,26/10/2024,7:00 pm,Tina,Sanchez,tina.sanchez51@example.com,2267940601,03/08/2026 02:03 am,Online,Paid,1,0,$45.00,$0.00,$0.00,$0.00,$1.80,$0.00,$0.00,$0.00,$46.80,$0.00,$0.00,$0.00,$0.00,$45.00,$45.00,$0.00,,,,$0.00,$0.00,$0.00,$0.00,Stripe,No,,Completed,Online,1,7033f898-29e4-4de6-844a-a5e03a483a3b
SHA1194,Shaandaar Diwali Cruise,26/10/2024,7:00 pm,Eric,Martin,eric.martin42@example.com,8688339238,07/08/2026 09:10 am,Online,Refunded,0,2,$0.00,$0.00,$0.00,$0.00,$0.00,$0.00,$0.00,$0.00,$0.00,$0.00,$0.00,$0.00,$0.00,$0.00,$0.00,$0.00,,,,$0.00,$0.00,$0.00,$0.00,Stripe,No,,Completed,Online,2,a59b2d55-5baf-414f-a7b6-f26123489c10
SHA1195,Shaandaar Diwali Cruise,26/10/2024,7:00 pm,Jennifer,Lewis,jennifer.lewis87@example.com,8629661035,13/08/2026 06:35 pm,Online,Paid,1,0,$45.00,$0.00,$0.00,$0.00,$1.80,$0.00,$0.00,$0.00,$46.80,$0.00,$0.00,$0.00,$0.00,$45.00,$45.00,$0.00,,,,$0.00,$0.00,$0.00,$0.00,Stripe,Yes,,Completed,Online,1,0d43240a-8dfc-4cef-a434-6ef744c88d0d
SHA1196,Shaandaar Diwali Cruise,26/10/2024,7:00 pm,Lauren,Marquez,lauren.marquez73@example.com,3714926273,01/08/2026 05:33 am,Manual,Paid,1,0,$45.00,$0.00,$0.00,$0.00,$1.80,$0.00,$0.00,$0.00,$46.80,$0.00,$0.00,$0.00,$0.00,$45.00,$45.00,$0.00,,,,$0.00,$0.00,$0.00,$0.00,Stripe,No,,Completed,Manual,1,13c00c28-bad0-4612-8d62-af8d080d68e0
SHA1197,Shaandaar Diwali Cruise,26/10/2024,7:00 pm,Todd,Durham,todd.durham40@example.com,6460961490,16/07/2026 04:56 am,Online,Paid,1,0,$45.00,$0.00,$0.00,$0.00,$1.80,$0.00,$0.00,$0.00,$46.80,$0.00,$0.00,$0.00,$0.00,$45.00,$45.00,$0.00,,,,$0.00,$0.00,$0.00,$0.00,Stripe,No,,Completed,Online,1,6e002280-1b3b-4285-98e8-1d6f0c055bb3
SHA1198,Shaandaar Diwali Cruise,26/10/2024,7:00 pm,Jose,Donovan,jose.donovan78@example.com,4543001784,25/07/2026 04:56 pm,Online,Paid,2,0,$90.00,$0.00,$0.00,$0.00,$3.60,$0.00,$0.00,$0.00,$93.60,$0.00,$0.00,$0.00,$0.00,$90.00,$90.00,$0.00,,,,$0.00,$0.00,$0.00,$0.00,Stripe,No,,Completed,Online,2,c26fb563-dcb8-4912-8c51-5009ba2863a0
SHA1199,Shaandaar Diwali Cruise,26/10/2024,7:00 pm,Gregory,Anderson,gregory.anderson57@example.com,0522589873,04/08/2026 06:58 pm,Online,Paid,2,0,$90.00,$0.00,$0.00,$0.00,$3.60,$0.00,$0.00,$0.00,$93.60,$0.00,$0.00,$0.00,$0.00,$90.00,$90.00,$0.00,,,,$0.00,$0.00,$0.00,$0.00,Stripe,No,,Completed,Online,2,fdea2ffb-6962-45bd-9be7-e3b128689678
SHA1200,Shaandaar Diwali Cruise,26/10/2024,7:00 pm,Dana,Oliver,dana.oliver1@example.com,9107086117,25/07/2026 09:15 pm,Online,Paid,1,0,$45.00,$0.00,$0.00,$0.00,$1.80,$0.00,$0.00,$0.00,$46.80,$0.00,$0.00,$0.00,$0.00,$45.00,$45.00,$0.00,,,,$0.00,$0.00,$0.00,$0.00,Stripe,No,,Completed,Online,1,5b8ba6a7-2596-45b2-a3ab-26e3003ce82d
SHA1201,Shaandaar Diwali Cruise,26/10/2024,7:00 pm,Jenny,Lee,jenny.lee33@example.com,6422764349,11/07/2026 05:11 pm,Online,Refunded,0,2,$0.00,$0.00,$0.00,$0.00,$0.00,$0.00,$0.00,$0.00,$0.00,$0.00,$0.00,$0.00,$0.00,$0.00,$0.00,$0.00,,,,$0.00,$0.00,$0.00,$0.00,Stripe,Yes,,Completed,Online,2,ac77e0b3-6e59-4c18-aae8-ba5623e0c53f
SHA1202,Shaandaar Diwali Cruise,26/10/2024,7:00 pm,Albert,Bradley,albert.bradley36@example.com,0534774116,06/08/2026 03:44 am,Online,Paid,2,0,$90.00,$0.00,$0.00,$0.00,$3.60,$0.00,$0.00,$0.00,$93.60,$0.00,$0.00,$0.00,$0.00,$90.00,$90.00,$0.00,,,,$0.00,$0.00,$0.00,$0.00,Stripe,No,,Completed,Online,2,e0914476-92b1-40e6-b37c-8bb85fbf0670
SHA1203,Shaandaar Diwali Cruise,26/10/2024,7:00 pm,Hannah,Brewer,hannah.brewer25@example.com,5598759204,24/07/2026 03:37 am,Online,Paid,1,0,$45.00,$0.00,$0.00,$0.00,$1.80,$0.00,$0.00,$0.00,$46.80,$0.00,$0.00,$0.00,$0.00,$45.00,$45.00,$0.00,,,,$0.00,$0.00,$0.00,$0.00,Stripe,Yes,,Completed,Online,1,f6e4c520-ca13-4eec-b656-b6eb29e5039b
SHA1204,Shaandaar Diwali Cruise,26/10/2024,7:00 pm,Donna,Johnson,donna.johnson49@example.com,3016430329,31/07/2026 01:20 am,Online,Paid,3,0,$135.00,$0.00,$0.00,$0.00,$5.40,$0.00,$0.00,$0.00,$140.40,$0.00,$0.00,$0.00,$0.00,$135.00,$135.00,$0.00,,,,$0.00,$0.00,$0.00,$0.00,Stripe,No,,Completed,Online,3,498a4895-c648-4e20-a4b3-be574b7f5fa6
SHA1205,Shaandaar Diwali Cruise,26/10/2024,7:00 pm,Kimberly,Brown,kimberly.brown47@example.com,9457867404,19/07/2026 06:31 am,Online,Paid,2,0,$90.00,$0.00,$0.00,$0.00,$3.60,$0.00,$0.00,$0.00,$93.60,$0.00,$0.00,$0.00,$0.00,$90.00,$90.00,$0.00,,,,$0.00,$0.00,$0.00,$0.00,Stripe,No,,Completed,Online,2,c3b77188-a2ee-4353-a2e3-ecff43072a7f
SHA1206,Shaandaar Diwali Cruise,26/10/2024,7:00 pm,John,Kim,john.kim12@example.com,9728341906,25/07/2026 05:58 pm,Online,Paid,2,0,$90.00,$0.00,$0.00,$0.00,$3.60,$0.00,$0.00,$0.00,$93.60,$0.00,$0.00,$0.00,$0.00,$90.00,$90.00,$0.00,,,,$0.00,$0.00,$0.00,$0.00,Stripe,No,,Completed,Online,2,713a15be-9282-4140-98b0-119a083db4f0
SHA1207,Shaandaar Diwali Cruise,26/10/2024,7:00 pm,Beth,Butler,beth.butler77@example.com,2982993164,01/08/2026 05:04 am,Online,Paid,3,0,$135.00,$0.00,$0.00,$0.00,$5.40,$0.00,$0.00,$0.00,$140.40,$0.00,$0.00,$0.00,$0.00,$135.00,$135.00,$0.00,,,,$0.00,$0.00,$0.00,$0.00,Stripe,No,,Completed,Online,3,5b01c766-6c75-442e-a06b-f71e80b51339
SHA1208,Shaandaar Diwali Cruise,26/10/2024,7:00 pm,Mathew,Aguilar,mathew.aguilar32@example.com,0248910557,30/07/2026 03:21 am,Manual,Paid,3,0,$135.00,$0.00,$0.00,$0.00,$5.40,$0.00,$0.00,$0.00,$140.40,$0.00,$0.00,$0.00,$0.00,$135.00,$135.00,$0.00,,,,$0.00,$0.00,$0.00,$0.00,Stripe,No,,Completed,Manual,3,d93f198a-c45b-4b45-9c95-cb2b16ae14a9
SHA1209,Shaandaar Diwali Cruise,26/10/2024,7:00 pm,David,Torres,david.torres90@example.com,3456512343,11/08/2026 05:47 pm,Manual,Paid,1,0,$45.00,$0.00,$0.00,$0.00,$1.80,$0.00,$0.00,$0.00,$46.80,$0.00,$0.00,$0.00,$0.00,$45.00,$45.00,$0.00,,,,$0.00,$0.00,$0.00,$0.00,Stripe,No,,Completed,Manual,1,b11848b7-77a7-4752-9e81-b3edb77b1335
SHA1210,Shaandaar Diwali Cruise,26/10/2024,7:00 pm,Aaron,Cruz,aaron.cruz61@example.com,6313959435,11/07/2026 10:55 am,Online,Refunded,0,1,$0.00,$0.00,$0.00,$0.00,$0.00,$0.00,$0.00,$0.00,$0.00,$0.00,$0.00,$0.00,$0.00,$0.00,$0.00,$0.00,,,,$0.00,$0.00,$0.00,$0.00,Stripe,No,,Completed,Online,1,0542c050-9e8f-462b-937e-574edb5caace
SHA1211,Shaandaar Diwali Cruise,26/10/2024,7:00 pm,Brenda,Walters,brenda.walters77@example.com,1282111264,08/08/2026 08:43 am,Online,Paid,3,0,$135.00,$0.00,$0.00,$0.00,$5.40,$0.00,$0.00,$0.00,$140.40,$0.00,$0.00,$0.00,$0.00,$135.00,$135.00,$0.00,,,,$0.00,$0.00,$0.00,$0.00,Stripe,No,,Completed,Online,3,43382b8f-418b-450f-91c0-008314278cf3
SHA1212,Shaandaar Diwali Cruise,26/10/2024,7:00 pm,Morgan,Spencer,morgan.spencer60@example.com,7707050709,09/08/2026 08:49 am,Manual,Paid,1,0,$45.00,$0.00,$0.00,$0.00,$1.80,$0.00,$0.00,$0.00,$46.80,$0.00,$0.00,$0.00,$0.00,$45.00,$45.00,$0.00,,,,$0.00,$0.00,$0.00,$0.00,Stripe,No,,Completed,Manual,1,ab31f518-6284-47eb-a151-3795eec1ad04
SHA1213,Shaandaar Diwali Cruise,26/10/2024,7:00 pm,Marcus,Fletcher,marcus.fletcher44@example.com,6243265720,18/07/2026 09:13 pm,Online,Paid,3,0,$135.00,$0.00,$0.00,$0.00,$5.40,$0.00,$0.00,$0.00,$140.40,$0.00,$0.00,$0.00,$0.00,$135.00,$135.00,$0.00,,,,$0.00,$0.00,$0.00,$0.00,Stripe,No,,Completed,Online,3,7db7fc38-bd1c-48b8-815d-97570d75ab61
SHA1214,Shaandaar Diwali Cruise,26/10/2024,7:00 pm,Shawn,Edwards,shawn.edwards32@example.com,7987752399,11/07/2026 11:20 pm,Online,Paid,1,0,$45.00,$0.00,$0.00,$0.00,$1.80,$0.00,$0.00,$0.00,$46.80,$0.00,$0.00,$0.00,$0.00,$45.00,$45.00,$0.00,,,,$0.00,$0.00,$0.00,$0.00,Stripe,No,,Completed,Online,1,1bdcb558-ce37-46f5-90d2-869c63889864
SHA1215,Shaandaar Diwali Cruise,26/10/2024,7:00 pm,Timothy,Booth,timothy.booth63@example.com,5441983857,11/08/2026 12:41 am,Online,Paid,1,0,$45.00,$0.00,$0.00,$0.00,$1.80,$0.00,$0.00,$0.00,$46.80,$0.00,$0.00,$0.00,$0.00,$45.00,$45.00,$0.00,,,,$0.00,$0.00,$0.00,$0.00,Stripe,No,,Completed,Online,1,25952bbd-cefe-4ad5-a657-5b6e2a6359f3
SHA1216,Shaandaar Diwali Cruise,26/10/2024,7:00 pm,Christina,Ramirez,christina.ramirez9@example.com,1651599527,08/08/2026 08:40 am,Online,Paid,2,0,$90.00,$0.00,$0.00,$0.00,$3.60,$0.00,$0.00,$0.00,$93.60,$0.00,$0.00,$0.00,$0.00,$90.00,$90.00,$0.00,,,,$0.00,$0.00,$0.00,$0.00,Stripe,No,,Completed,Online,2,7e7f5fce-fe70-42c4-bdb1-1045d4c7d8b4
SHA1217,Shaandaar Diwali Cruise,26/10/2024,7:00 pm,Brenda,Hurst,brenda.hurst36@example.com,5333179313,16/08/2026 06:15 pm,Online,Paid,3,0,$135.00,$0.00,$0.00,$0.00,$5.40,$0.00,$0.00,$0.00,$140.40,$0.00,$0.00,$0.00,$0.00,$135.00,$135.00,$0.00,,,,$0.00,$0.00,$0.00,$0.00,Stripe,No,,Completed,Online,3,104649e6-e13e-4d45-a207-3af1e590fd88
SHA1218,Shaandaar Diwali Cruise,26/10/2024,7:00 pm,Raven,Gilbert,raven.gilbert48@example.com,1765021000,03/08/2026 10:37 am,Manual,Paid,1,0,$45.00,$0.00,$0.00,$0.00,$1.80,$0.00,$0.00,$0.00,$46.80,$0.00,$0.00,$0.00,$0.00,$45.00,$45.00,$0.00,,,,$0.00,$0.00,$0.00,$0.00,Stripe,Yes,,Completed,Manual,1,9c5dc768-a9b4-463a-8ec4-e8896c9522a8
SHA1219,Shaandaar Diwali Cruise,26/10/2024,7:00 pm,Melvin,Humphrey,melvin.humphrey34@example.com,8700512538,09/08/2026 11:34 am,Online,Paid,1,0,$45.00,$0.00,$0.00,$0.00,$1.80,$0.00,$0.00,$0.00,$46.80,$0.00,$0.00,$0.00,$0.00,$45.00,$45.00,$0.00,,,,$0.00,$0.00,$0.00,$0.00,Stripe,No,,Completed,Online,1,00b7444c-b33e-4810-9d33-760a18763672
SHA1220,Shaandaar Diwali Cruise,26/10/2024,7:00 pm,Tracy,Whitehead,tracy.whitehead18@example.com,7693287927,23/07/2026 07:32 am,Online,Paid,4,0,$180.00,$0.00,$0.00,$0.00,$7.20,$0.00,$0.00,$0.00,$187.20,$0.00,$0.00,$0.00,$0.00,$180.00,$180.00,$0.00,,,,$0.00,$0.00,$0.00,$0.00,Stripe,Yes,,Completed,Online,4,83ff70d6-e92c-4550-a52d-48762dd205e6
SHA1221,Shaandaar Diwali Cruise,26/10/2024,7:00 pm,James,Cruz,james.cruz82@example.com,5311524387,05/08/2026 06:51 pm,Online,Paid,4,0,$180.00,$0.00,$0.00,$0.00,$7.20,$0.00,$0.00,$0.00,$187.20,$0.00,$0.00,$0.00,$0.00,$180.00,$180.00,$0.00,,,,$0.00,$0.00,$0.00,$0.00,Stripe,Yes,,Completed,Online,4,315c5695-9a43-4632-b231-6218533e7218
SHA1222,Shaandaar Diwali Cruise,26/10/2024,7:00 pm,Travis,Martinez,travis.martinez87@example.com,4494199645,07/08/2026 11:48 pm,Manual,Paid,2,0,$90.00,$0.00,$0.00,$0.00,$3.60,$0.00,$0.00,$0.00,$93.60,$0.00,$0.00,$0.00,$0.00,$90.00,$90.00,$0.00,,,,$0.00,$0.00,$0.00,$0.00,Stripe,No,,Completed,Manual,2,33d79079-ab4c-4829-8340-5bc1a20bf4f6
SHA1223,Shaandaar Diwali Cruise,26/10/2024,7:00 pm,Emily,Adams,emily.adams66@example.com,9277157368,31/07/2026 11:17 pm,Online,Paid,2,0,$90.00,$0.00,$0.00,$0.00,$3.60,$0.00,$0.00,$0.00,$93.60,$0.00,$0.00,$0.00,$0.00,$90.00,$90.00,$0.00,,,,$0.00,$0.00,$0.00,$0.00,Stripe,No,,Completed,Online,2,1c1c6253-ac85-4f75-920b-e1380f0cffa1
SHA1224,Shaandaar Diwali Cruise,26/10/2024,7:00 pm,Kim,Johnson,kim.johnson10@example.com,5110318672,14/08/2026 08:11 am,Online,Paid,3,0,$135.00,$0.00,$0.00,$0.00,$5.40,$0.00,$0.00,$0.00,$140.40,$0.00,$0.00,$0.00,$0.00,$135.00,$135.00,$0.00,,,,$0.00,$0.00,$0.00,$0.00,Stripe,No,,Completed,Online,3,471f681d-461d-437d-9afc-6bb9943cc1a3
SHA1225,Shaandaar Diwali Cruise,26/10/2024,7:00 pm,Darius,Smith,darius.smith25@example.com,6619667601,11/08/2026 05:26 pm,Online,Paid,1,0,$45.00,$0.00,$0.00,$0.00,$1.80,$0.00,$0.00,$0.00,$46.80,$0.00,$0.00,$0.00,$0.00,$45.00,$45.00,$0.00,,,,$0.00,$0.00,$0.00,$0.00,Stripe,Yes,,Completed,Online,1,0060566b-feab-4a68-85a9-0cee3c0e20a7
SHA1226,Shaandaar Diwali Cruise,26/10/2024,7:00 pm,Cynthia,Rogers,cynthia.rogers3@example.com,2655764756,09/08/2026 09:18 am,Online,Refunded,0,1,$0.00,$0.00,$0.00,$0.00,$0.00,$0.00,$0.00,$0.00,$0.00,$0.00,$0.00,$0.00,$0.00,$0.00,$0.00,$0.00,,,,$0.00,$0.00,$0.00,$0.00,Stripe,No,,Completed,Online,1,23a70d01-b9a1-4cd2-b14c-f28ce1e54c0b
SHA1227,Shaandaar Diwali Cruise,26/10/2024,7:00 pm,Christopher,Caldwell,christopher.caldwell72@example.com,7410506859,02/08/2026 08:07 am,Online,Paid,3,0,$135.00,$0.00,$0.00,$0.00,$5.40,$0.00,$0.00,$0.00,$140.40,$0.00,$0.00,$0.00,$0.00,$135.00,$135.00,$0.00,,,,$0.00,$0.00,$0.00,$0.00,Stripe,No,,Completed,Online,3,c88e4acb-9ca9-4273-8df4-b8cb3e60af64
SHA1228,Shaandaar Diwali Cruise,26/10/2024,7:00 pm,Brandy,Dominguez,brandy.dominguez52@example.com,2147061653,21/07/2026 11:46 pm,Online,Paid,2,0,$90.00,$0.00,$0.00,$0.00,$3.60,$0.00,$0.00,$0.00,$93.60,$0.00,$0.00,$0.00,$0.00,$90.00,$90.00,$0.00,,,,$0.00,$0.00,$0.00,$0.00,Stripe,Yes,,Completed,Online,2,e00cf4e6-c6a9-4cde-b42e-db30526d20bb
SHA1229,Shaandaar Diwali Cruise,26/10/2024,7:00 pm,Tyler,Compton,tyler.compton82@example.com,8907816293,13/08/2026 11:38 am,Online,Paid,1,0,$45.00,$0.00,$0.00,$0.00,$1.80,$0.00,$0.00,$0.00,$46.80,$0.00,$0.00,$0.00,$0.00,$45.00,$45.00,$0.00,,,,$0.00,$0.00,$0.00,$0.00,Stripe,No,,Completed,Online,1,0e60fb33-de1e-4f35-9a03-90411c86d338
SHA1230,Shaandaar Diwali Cruise,26/10/2024,7:00 pm,Amanda,Morrow,amanda.morrow98@example.com,6616903670,29/07/2026 02:09 am,Manual,Paid,3,0,$135.00,$0.00,$0.00,$0.00,$5.40,$0.00,$0.00,$0.00,$140.40,$0.00,$0.00,$0.00,$0.00,$135.00,$135.00,$0.00,,,,$0.00,$0.00,$0.00,$0.00,Stripe,No,,Completed,Manual,3,75ca801b-1e9f-4c99-9e50-587144e9e9f8
SHA1231,Shaandaar Diwali Cruise,26/10/2024,7:00 pm,Laura,Jackson,laura.jackson42@example.com,7963199467,05/08/2026 12:41 am,Online,Paid,3,0,$135.00,$0.00,$0.00,$0.00,$5.40,$0.00,$0.00,$0.00,$140.40,$0.00,$0.00,$0.00,$0.00,$135.00,$135.00,$0.00,,,,$0.00,$0.00,$0.00,$0.00,Stripe,No,,Completed,Online,3,8cac4e32-0c76-49e6-ac50-4267632251f1
SHA1232,Shaandaar Diwali Cruise,26/10/2024,7:00 pm,Vicki,Mendoza,vicki.mendoza12@example.com,1229830878,28/07/2026 09:28 am,Online,Paid,2,0,$90.00,$0.00,$0.00,$0.00,$3.60,$0.00,$0.00,$0.00,$93.60,$0.00,$0.00,$0.00,$0.00,$90.00,$90.00,$0.00,,,,$0.00,$0.00,$0.00,$0.00,Stripe,No,,Completed,Online,2,8a064b9b-902c-481c-9979-a73b73cb2695
SHA1233,Shaandaar Diwali Cruise,26/10/2024,7:00 pm,Elizabeth,Hoover,elizabeth.hoover34@example.com,4375968686,30/07/2026 05:42 am,Online,Paid,1,0,$45.00,$0.00,$0.00,$0.00,$1.80,$0.00,$0.00,$0.00,$46.80,$0.00,$0.00,$0.00,$0.00,$45.00,$45.00,$0.00,,,,$0.00,$0.00,$0.00,$0.00,Stripe,Yes,,Completed,Online,1,f0560470-2ff9-4009-8091-956aebac3a24
SHA1234,Shaandaar Diwali Cruise,26/10/2024,7:00 pm,Thomas,Anderson,thomas.anderson49@example.com,0971547595,06/08/2026 01:17 pm,Online,Paid,1,0,$45.00,$0.00,$0.00,$0.00,$1.80,$0.00,$0.00,$0.00,$46.80,$0.00,$0.00,$0.00,$0.00,$45.00,$45.00,$0.00,,,,$0.00,$0.00,$0.00,$0.00,Stripe,Yes,,Completed,Online,1,f0ecb704-cd46-4283-82d7-3aa2da1e5d07
SHA1235,Shaandaar Diwali Cruise,26/10/2024,7:00 pm,Diana,Smith,diana.smith11@example.com,2115678140,18/07/2026 08:03 pm,Online,Paid,1,0,$45.00,$0.00,$0.00,$0.00,$1.80,$0.00,$0.00,$0.00,$46.80,$0.00,$0.00,$0.00,$0.00,$45.00,$45.00,$0.00,,,,$0.00,$0.00,$0.00,$0.00,Stripe,No,,Completed,Online,1,c0994713-4b34-4b1e-b28c-01032eb90755
SHA1236,Shaandaar Diwali Cruise,26/10/2024,7:00 pm,Gregory,James,gregory.james86@example.com,9137165094,11/08/2026 08:48 pm,Online,Paid,2,0,$90.00,$0.00,$0.00,$0.00,$3.60,$0.00,$0.00,$0.00,$93.60,$0.00,$0.00,$0.00,$0.00,$90.00,$90.00,$0.00,,,,$0.00,$0.00,$0.00,$0.00,Stripe,Yes,,Completed,Online,2,68873634-91ef-4c69-a804-7e045faad0d3
SHA1237,Shaandaar Diwali Cruise,26/10/2024,7:00 pm,Paul,Ray,paul.ray34@example.com,8131915181,04/08/2026 07:37 am,Online,Paid,1,0,$45.00,$0.00,$0.00,$0.00,$1.80,$0.00,$0.00,$0.00,$46.80,$0.00,$0.00,$0.00,$0.00,$45.00,$45.00,$0.00,,,,$0.00,$0.00,$0.00,$0.00,Stripe,No,,Completed,Online,1,4698bf76-06bd-46d0-85ff-b6ebcda6fa31
SHA1238,Shaandaar Diwali Cruise,26/10/2024,7:00 pm,Brittney,Rice,brittney.rice11@example.com,4644940581,14/08/2026 02:44 pm,Online,Paid,1,0,$45.00,$0.00,$0.00,$0.00,$1.80,$0.00,$0.00,$0.00,$46.80,$0.00,$0.00,$0.00,$0.00,$45.00,$45.00,$0.00,,,,$0.00,$0.00,$0.00,$0.00,Stripe,No,,Completed,Online,1,41450000-9dc1-4271-b905-6a43c2b5b17e
SHA1239,Shaandaar Diwali Cruise,26/10/2024,7:00 pm,Kimberly,Bowman,kimberly.bowman49@example.com,8911926890,14/08/2026 07:29 pm,Manual,Paid,1,0,$45.00,$0.00,$0.00,$0.00,$1.80,$0.00,$0.00,$0.00,$46.80,$0.00,$0.00,$0.00,$0.00,$45.00,$45.00,$0.00,,,,$0.00,$0.00,$0.00,$0.00,Stripe,No,,Completed,Manual,1,f50c0361-6d0b-4168-be53-a960d80930f0
SHA1240,Shaandaar Diwali Cruise,26/10/2024,7:00 pm,Joshua,Martinez,joshua.martinez79@example.com,8144166611,05/08/2026 08:34 pm,Online,Paid,2,0,$90.00,$0.00,$0.00,$0.00,$3.60,$0.00,$0.00,$0.00,$93.60,$0.00,$0.00,$0.00,$0.00,$90.00,$90.00,$0.00,,,,$0.00,$0.00,$0.00,$0.00,Stripe,No,,Completed,Online,2,29c6f760-473f-4029-9bfc-7c6cd5d393a7
SHA1241,Shaandaar Diwali Cruise,26/10/2024,7:00 pm,Andrea,Brown,andrea.brown88@example.com,7080585824,17/08/2026 06:03 am,Online,Paid,1,0,$45.00,$0.00,$0.00,$0.00,$1.80,$0.00,$0.00,$0.00,$46.80,$0.00,$0.00,$0.00,$0.00,$45.00,$45.00,$0.00,,,,$0.00,$0.00,$0.00,$0.00,Stripe,Yes,,Completed,Online,1,b6313a8b-7c09-4d85-bac8-5a5ca5c4bcc0
SHA1242,Shaandaar Diwali Cruise,26/10/2024,7:00 pm,Gina,Garner,gina.garner12@example.com,7240030315,06/08/2026 02:11 am,Online,Paid,2,0,$90.00,$0.00,$0.00,$0.00,$3.60,$0.00,$0.00,$0.00,$93.60,$0.00,$0.00,$0.00,$0.00,$90.00,$90.00,$0.00,,,,$0.00,$0.00,$0.00,$0.00,Stripe,Yes,,Completed,Online,2,96e81397-58f8-4a8e-b283-c78117a52aa6
SHA1243,Shaandaar Diwali Cruise,26/10/2024,7:00 pm,Daniel,Porter,daniel.porter84@example.com,2249476419,01/08/2026 04:27 am,Online,Paid,2,0,$90.00,$0.00,$0.00,$0.00,$3.60,$0.00,$0.00,$0.00,$93.60,$0.00,$0.00,$0.00,$0.00,$90.00,$90.00,$0.00,,,,$0.00,$0.00,$0.00,$0.00,Stripe,No,,Completed,Online,2,363d0234-eea4-462f-818c-d118dd24f2db
SHA1244,Shaandaar Diwali Cruise,26/10/2024,7:00 pm,Brandy,Dominguez,brandy.dominguez52@example.com,1990102633,17/07/2026 11:22 am,Online,Paid,3,0,$135.00,$0.00,$0.00,$0.00,$5.40,$0.00,$0.00,$0.00,$140.40,$0.00,$0.00,$0.00,$0.00,$135.00,$135.00,$0.00,,,,$0.00,$0.00,$0.00,$0.00,Stripe,No,,Completed,Online,3,eb5a248a-716c-4171-a519-ad78fbba3dac
SHA1245,Shaandaar Diwali Cruise,26/10/2024,7:00 pm,Laurie,Taylor,laurie.taylor59@example.com,0859426823,08/08/2026 05:36 pm,Manual,Paid,4,0,$180.00,$0.00,$0.00,$0.00,$7.20,$0.00,$0.00,$0.00,$187.20,$0.00,$0.00,$0.00,$0.00,$180.00,$180.00,$0.00,,,,$0.00,$0.00,$0.00,$0.00,Stripe,No,,Completed,Manual,4,473be44d-b1b2-490d-b2d1-57a8439037e8
SHA1246,Shaandaar Diwali Cruise,26/10/2024,7:00 pm,John,Grimes,john.grimes15@example.com,1380115576,20/07/2026 09:29 am,Online,Paid,1,0,$45.00,$0.00,$0.00,$0.00,$1.80,$0.00,$0.00,$0.00,$46.80,$0.00,$0.00,$0.00,$0.00,$45.00,$45.00,$0.00,,,,$0.00,$0.00,$0.00,$0.00,Stripe,No,,Completed,Online,1,debe8bc9-5ee3-4c5b-b732-e065ac1552b4
SHA1247,Shaandaar Diwali Cruise,26/10/2024,7:00 pm,Cristina,Harvey,cristina.harvey55@example.com,9855323750,17/08/2026 09:32 am,Online,Paid,2,0,$90.00,$0.00,$0.00,$0.00,$3.60,$0.00,$0.00,$0.00,$93.60,$0.00,$0.00,$0.00,$0.00,$90.00,$90.00,$0.00,,,,$0.00,$0.00,$0.00,$0.00,Stripe,Yes,,Completed,Online,2,767d0b16-1e0e-49a9-be01-b09e7eb674f0
SHA1248,Shaandaar Diwali Cruise,26/10/2024,7:00 pm,Frank,Benton,frank.benton13@example.com,5232434213,22/07/2026 08:58 pm,Online,Paid,2,0,$90.00,$0.00,$0.00,$0.00,$3.60,$0.00,$0.00,$0.00,$93.60,$0.00,$0.00,$0.00,$0.00,$90.00,$90.00,$0.00,,,,$0.00,$0.00,$0.00,$0.00,Stripe,No,,Completed,Online,2,6eb51aa3-e2c6-4fc7-937b-9d47caa661c9
SHA1249,Shaandaar Diwali Cruise,26/10/2024,7:00 pm,Vincent,Williams,vincent.williams92@example.com,2807335006,23/07/2026 02:51 am,Online,Paid,1,0,$45.00,$0.00,$0.00,$0.00,$1.80,$0.00,$0.00,$0.00,$46.80,$0.00,$0.00,$0.00,$0.00,$45.00,$45.00,$0.00,,,,$0.00,$0.00,$0.00,$0.00,Stripe,No,,Completed,Online,1,ffbf9be3-0b57-4fc4-85f0-8d31b86e307a
SHA1250,Shaandaar Diwali Cruise,26/10/2024,7:00 pm,Grant,Williams,grant.williams29@example.com,9407828625,14/08/2026 05:53 am,Online,Paid,2,0,$90.00,$0.00,$0.00,$0.00,$3.60,$0.00,$0.00,$0.00,$93.60,$0.00,$0.00,$0.00,$0.00,$90.00,$90.00,$0.00,,,,$0.00,$0.00,$0.00,$0.00,Stripe,No,,Completed,Online,2,30744c7c-9398-4275-ae00-cd93bf9d8e39
SHA1251,Shaandaar Diwali Cruise,26/10/2024,7:00 pm,Daniel,Bird,daniel.bird77@example.com,0625873608,13/08/2026 05:35 am,Online,Paid,1,0,$45.00,$0.00,$0.00,$0.00,$1.80,$0.00,$0.00,$0.00,$46.80,$0.00,$0.00,$0.00,$0.00,$45.00,$45.00,$0.00,,,,$0.00,$0.00,$0.00,$0.00,Stripe,Yes,,Completed,Online,1,ad2b0e4f-d390-426a-a20a-e7a589da9d78
SHA1252,Shaandaar Diwali Cruise,26/10/2024,7:00 pm,Jack,Williams,jack.williams63@example.com,3167501153,15/07/2026 04:59 pm,Online,Paid,3,0,$135.00,$0.00,$0.00,$0.00,$5.40,$0.00,$0.00,$0.00,$140.40,$0.00,$0.00,$0.00,$0.00,$135.00,$135.00,$0.00,,,,$0.00,$0.00,$0.00,$0.00,Stripe,Yes,,Completed,Online,3,d5e6438b-370c-4904-8683-315afcfb036c
SHA1253,Shaandaar Diwali Cruise,26/10/2024,7:00 pm,Krista,Camacho,krista.camacho29@example.com,4775688637,22/07/2026 03:18 am,Online,Paid,4,0,$180.00,$0.00,$0.00,$0.00,$7.20,$0.00,$0.00,$0.00,$187.20,$0.00,$0.00,$0.00,$0.00,$180.00,$180.00,$0.00,,,,$0.00,$0.00,$0.00,$0.00,Stripe,Yes,,Completed,Online,4,89812bb0-967d-432e-9711-96c8fcd35670
SHA1254,Shaandaar Diwali Cruise,26/10/2024,7:00 pm,Jonathan,Murphy,jonathan.murphy65@example.com,5382898122,28/07/2026 08:06 pm,Online,Paid,1,0,$45.00,$0.00,$0.00,$0.00,$1.80,$0.00,$0.00,$0.00,$46.80,$0.00,$0.00,$0.00,$0.00,$45.00,$45.00,$0.00,,,,$0.00,$0.00,$0.00,$0.00,Stripe,Yes,,Completed,Online,1,73f15034-5481-4ad4-93e0-3734cd11be4b
SHA1255,Shaandaar Diwali Cruise,26/10/2024,7:00 pm,Benjamin,Shaw,benjamin.shaw45@example.com,3764451256,06/08/2026 05:43 am,Online,Paid,4,0,$180.00,$0.00,$0.00,$0.00,$7.20,$0.00,$0.00,$0.00,$187.20,$0.00,$0.00,$0.00,$0.00,$180.00,$180.00,$0.00,,,,$0.00,$0.00,$0.00,$0.00,Stripe,Yes,,Completed,Online,4,e0742072-f6f6-4aad-8aa9-b89603140dab
SHA1256,Shaandaar Diwali Cruise,26/10/2024,7:00 pm,Amber,Blair,amber.blair99@example.com,6442996138,05/08/2026 12:34 am,Online,Paid,1,0,$45.00,$0.00,$0.00,$0.00,$1.80,$0.00,$0.00,$0.00,$46.80,$0.00,$0.00,$0.00,$0.00,$45.00,$45.00,$0.00,,,,$0.00,$0.00,$0.00,$0.00,Stripe,No,,Completed,Online,1,f151827d-e1e4-4ca4-ad82-c3958f1aaecb
SHA1257,Shaandaar Diwali Cruise,26/10/2024,7:00 pm,Vanessa,Sandoval,vanessa.sandoval6@example.com,9939945106,25/07/2026 01:49 am,Online,Paid,1,0,$45.00,$0.00,$0.00,$0.00,$1.80,$0.00,$0.00,$0.00,$46.80,$0.00,$0.00,$0.00,$0.00,$45.00,$45.00,$0.00,,,,$0.00,$0.00,$0.00,$0.00,Stripe,No,,Completed,Online,1,2411561e-9dc9-4cec-a6e7-06c8b86edfd7
SHA1258,Shaandaar Diwali Cruise,26/10/2024,7:00 pm,Raymond,Banks,raymond.banks35@example.com,9860427857,13/07/2026 03:53 am,Online,Paid,1,0,$45.00,$0.00,$0.00,$0.00,$1.80,$0.00,$0.00,$0.00,$46.80,$0.00,$0.00,$0.00,$0.00,$45.00,$45.00,$0.00,,,,$0.00,$0.00,$0.00,$0.00,Stripe,Yes,,Completed,Online,1,a24c55b6-30ce-4ed5-a6a3-3f306be807a8
SHA1259,Shaandaar Diwali Cruise,26/10/2024,7:00 pm,Oscar,Ferguson,oscar.ferguson73@example.com,9562509694,10/07/2026 09:28 pm,Online,Paid,2,0,$90.00,$0.00,$0.00,$0.00,$3.60,$0.00,$0.00,$0.00,$93.60,$0.00,$0.00,$0.00,$0.00,$90.00,$90.00,$0.00,,,,$0.00,$0.00,$0.00,$0.00,Stripe,Yes,,Completed,Online,2,8758c128-8c0f-41c9-ab09-574651b0c9f1
SHA1260,Shaandaar Diwali Cruise,26/10/2024,7:00 pm,Tammy,Jordan,tammy.jordan89@example.com,8886081107,31/07/2026 05:08 pm,Online,Paid,1,0,$45.00,$0.00,$0.00,$0.00,$1.80,$0.00,$0.00,$0.00,$46.80,$0.00,$0.00,$0.00,$0.00,$45.00,$45.00,$0.00,,,,$0.00,$0.00,$0.00,$0.00,Stripe,Yes,,Completed,Online,1,f576b4e0-ea01-492d-aca6-c723be9af730
SHA1261,Shaandaar Diwali Cruise,26/10/2024,7:00 pm,Marcus,Wright,marcus.wright31@example.com,0368085884,18/07/2026 09:04 am,Online,Paid,1,0,$45.00,$0.00,$0.00,$0.00,$1.80,$0.00,$0.00,$0.00,$46.80,$0.00,$0.00,$0.00,$0.00,$45.00,$45.00,$0.00,,,,$0.00,$0.00,$0.00,$0.00,Stripe,No,,Completed,Online,1,22638040-7ceb-409d-9528-f013cd5e2dcb
SHA1262,Shaandaar Diwali Cruise,26/10/2024,7:00 pm,Jacob,Robinson,jacob.robinson57@example.com,2677638319,09/08/2026 07:29 pm,Online,Paid,3,0,$135.00,$0.00,$0.00,$0.00,$5.40,$0.00,$0.00,$0.00,$140.40,$0.00,$0.00,$0.00,$0.00,$135.00,$135.00,$0.00,,,,$0.00,$0.00,$0.00,$0.00,Stripe,No,,Completed,Online,3,8331aee5-3ba1-4169-8def-1a69cd106cd1
SHA1263,Shaandaar Diwali Cruise,26/10/2024,7:00 pm,Brian,Shaw,brian.shaw79@example.com,0979756842,14/08/2026 04:38 am,Online,Paid,2,0,$90.00,$0.00,$0.00,$0.00,$3.60,$0.00,$0.00,$0.00,$93.60,$0.00,$0.00,$0.00,$0.00,$90.00,$90.00,$0.00,,,,$0.00,$0.00,$0.00,$0.00,Stripe,Yes,,Completed,Online,2,086f398c-f5f4-4802-825d-b35d8e5f26da
SHA1264,Shaandaar Diwali Cruise,26/10/2024,7:00 pm,James,Martinez,james.martinez53@example.com,4729131126,12/07/2026 11:18 pm,Online,Paid,2,0,$90.00,$0.00,$0.00,$0.00,$3.60,$0.00,$0.00,$0.00,$93.60,$0.00,$0.00,$0.00,$0.00,$90.00,$90.00,$0.00,,,,$0.00,$0.00,$0.00,$0.00,Stripe,No,,Completed,Online,2,379aa5e0-01e3-41f6-a33c-ef9c4f25baff
SHA1265,Shaandaar Diwali Cruise,26/10/2024,7:00 pm,Lisa,Santiago,lisa.santiago54@example.com,1217817042,12/07/2026 03:24 pm,Online,Paid,1,0,$45.00,$0.00,$0.00,$0.00,$1.80,$0.00,$0.00,$0.00,$46.80,$0.00,$0.00,$0.00,$0.00,$45.00,$45.00,$0.00,,,,$0.00,$0.00,$0.00,$0.00,Stripe,No,,Completed,Online,1,8b60aaa4-86a0-4192-9091-1fc8db23d7a9
SHA1266,Shaandaar Diwali Cruise,26/10/2024,7:00 pm,Ashlee,Washington,ashlee.washington70@example.com,8592063041,31/07/2026 09:55 pm,Online,Paid,2,0,$90.00,$0.00,$0.00,$0.00,$3.60,$0.00,$0.00,$0.00,$93.60,$0.00,$0.00,$0.00,$0.00,$90.00,$90.00,$0.00,,,,$0.00,$0.00,$0.00,$0.00,Stripe,Yes,,Completed,Online,2,e077166a-2ade-4426-b41a-658bdd90ed3e
SHA1267,Shaandaar Diwali Cruise,26/10/2024,7:00 pm,Troy,Sanchez,troy.sanchez11@example.com,0953100179,25/07/2026 08:41 pm,Online,Paid,2,0,$90.00,$0.00,$0.00,$0.00,$3.60,$0.00,$0.00,$0.00,$93.60,$0.00,$0.00,$0.00,$0.00,$90.00,$90.00,$0.00,,,,$0.00,$0.00,$0.00,$0.00,Stripe,Yes,,Completed,Online,2,a321b54a-de10-404c-a59e-ff7e39ba880a
SHA1268,Shaandaar Diwali Cruise,26/10/2024,7:00 pm,Marcus,Fletcher,marcus.fletcher44@example.com,8013702098,17/07/2026 12:50 am,Online,Paid,2,0,$90.00,$0.00,$0.00,$0.00,$3.60,$0.00,$0.00,$0.00,$93.60,$0.00,$0.00,$0.00,$0.00,$90.00,$90.00,$0.00,,,,$0.00,$0.00,$0.00,$0.00,Stripe,No,,Completed,Online,2,ea770ba7-dd96-4c25-9322-c4b9014027e5
SHA1269,Shaandaar Diwali Cruise,26/10/2024,7:00 pm,Richard,Hunter,richard.hunter61@example.com,9613607727,08/08/2026 09:01 pm,Online,Paid,2,0,$90.00,$0.00,$0.00,$0.00,$3.60,$0.00,$0.00,$0.00,$93.60,$0.00,$0.00,$0.00,$0.00,$90.00,$90.00,$0.00,,,,$0.00,$0.00,$0.00,$0.00,Stripe,No,,Completed,Online,2,b6876ad4-b234-44a3-8c6e-cafb5d4d5860
SHA1270,Shaandaar Diwali Cruise,26/10/2024,7:00 pm,Vincent,Cooper,vincent.cooper71@example.com,6353335016,01/08/2026 04:39 pm,Online,Paid,2,0,$90.00,$0.00,$0.00,$0.00,$3.60,$0.00,$0.00,$0.00,$93.60,$0.00,$0.00,$0.00,$0.00,$90.00,$90.00,$0.00,,,,$0.00,$0.00,$0.00,$0.00,Stripe,No,,Completed,Online,2,09217e89-1177-48ac-b960-d5965351413a
SHA1271,Shaandaar Diwali Cruise,26/10/2024,7:00 pm,Madison,Blankenship,madison.blankenship47@example.com,6173051513,22/07/2026 02:08 pm,Online,Paid,2,0,$90.00,$0.00,$0.00,$0.00,$3.60,$0.00,$0.00,$0.00,$93.60,$0.00,$0.00,$0.00,$0.00,$90.00,$90.00,$0.00,,,,$0.00,$0.00,$0.00,$0.00,Stripe,No,,Completed,Online,2,33f8c1c7-7170-4949-a553-8a5b97787a01
SHA1272,Shaandaar Diwali Cruise,26/10/2024,7:00 pm,Christopher,Caldwell,christopher.caldwell72@example.com,4074135966,12/07/2026 01:23 pm,Manual,Paid,1,0,$45.00,$0.00,$0.00,$0.00,$1.80,$0.00,$0.00,$0.00,$46.80,$0.00,$0.00,$0.00,$0.00,$45.00,$45.00,$0.00,,,,$0.00,$0.00,$0.00,$0.00,Stripe,No,,Completed,Manual,1,cb9c84e6-38e8-4af2-8cc5-7136903f3da2
SHA1273,Shaandaar Diwali Cruise,26/10/2024,7:00 pm,Dana,Oliver,dana.oliver1@example.com,7433919580,25/07/2026 09:08 am,Online,Paid,1,0,$45.00,$0.00,$0.00,$0.00,$1.80,$0.00,$0.00,$0.00,$46.80,$0.00,$0.00,$0.00,$0.00,$45.00,$45.00,$0.00,,,,$0.00,$0.00,$0.00,$0.00,Stripe,No,,Completed,Online,1,2440beb7-6450-4bae-9a1a-d0ba4c66da55
SHA1274,Shaandaar Diwali Cruise,26/10/2024,7:00 pm,Adrienne,Ellis,adrienne.ellis4@example.com,5014683146,05/08/2026 11:51 pm,Online,Paid,3,0,$135.00,$0.00,$0.00,$0.00,$5.40,$0.00,$0.00,$0.00,$140.40,$0.00,$0.00,$0.00,$0.00,$135.00,$135.00,$0.00,,,,$0.00,$0.00,$0.00,$0.00,Stripe,No,,Completed,Online,3,c4bee9ab-4173-4fef-93da-030139a35cc3
